,ranks,experiment,iteration,size,average_latency_us,nodes
0,2,bare-metal,9,0.0,12.99,2
1,2,bare-metal,9,1.0,13.02,2
2,2,bare-metal,9,2.0,13.0,2
3,2,bare-metal,9,4.0,13.01,2
4,2,bare-metal,9,8.0,13.33,2
5,2,bare-metal,9,16.0,13.34,2
6,2,bare-metal,9,32.0,13.34,2
7,2,bare-metal,9,64.0,13.48,2
8,2,bare-metal,9,128.0,13.5,2
9,2,bare-metal,9,256.0,13.53,2
10,2,bare-metal,9,512.0,13.57,2
11,2,bare-metal,9,1024.0,13.7,2
12,2,bare-metal,9,2048.0,14.06,2
13,2,bare-metal,9,4096.0,14.98,2
14,2,bare-metal,9,8192.0,16.88,2
15,2,bare-metal,9,16384.0,17.46,2
16,2,bare-metal,9,32768.0,18.7,2
17,2,bare-metal,9,65536.0,21.28,2
18,2,bare-metal,9,131072.0,54.42,2
19,2,bare-metal,9,262144.0,64.34,2
20,2,bare-metal,9,524288.0,113.68,2
21,2,bare-metal,9,1048576.0,96.02,2
22,2,bare-metal,9,2097152.0,170.25,2
23,2,bare-metal,9,4194304.0,266.53,2
24,2,bare-metal,5,0.0,12.99,2
25,2,bare-metal,5,1.0,13.0,2
26,2,bare-metal,5,2.0,12.98,2
27,2,bare-metal,5,4.0,12.97,2
28,2,bare-metal,5,8.0,13.32,2
29,2,bare-metal,5,16.0,13.32,2
30,2,bare-metal,5,32.0,13.34,2
31,2,bare-metal,5,64.0,13.45,2
32,2,bare-metal,5,128.0,13.44,2
33,2,bare-metal,5,256.0,13.47,2
34,2,bare-metal,5,512.0,13.56,2
35,2,bare-metal,5,1024.0,13.72,2
36,2,bare-metal,5,2048.0,14.04,2
37,2,bare-metal,5,4096.0,14.92,2
38,2,bare-metal,5,8192.0,16.79,2
39,2,bare-metal,5,16384.0,17.43,2
40,2,bare-metal,5,32768.0,18.65,2
41,2,bare-metal,5,65536.0,21.18,2
42,2,bare-metal,5,131072.0,54.16,2
43,2,bare-metal,5,262144.0,64.23,2
44,2,bare-metal,5,524288.0,114.26,2
45,2,bare-metal,5,1048576.0,96.11,2
46,2,bare-metal,5,2097152.0,170.18,2
47,2,bare-metal,5,4194304.0,267.53,2
48,2,bare-metal,11,0.0,13.03,2
49,2,bare-metal,11,1.0,13.04,2
50,2,bare-metal,11,2.0,13.02,2
51,2,bare-metal,11,4.0,13.03,2
52,2,bare-metal,11,8.0,13.31,2
53,2,bare-metal,11,16.0,13.32,2
54,2,bare-metal,11,32.0,13.33,2
55,2,bare-metal,11,64.0,13.49,2
56,2,bare-metal,11,128.0,13.46,2
57,2,bare-metal,11,256.0,13.53,2
58,2,bare-metal,11,512.0,13.57,2
59,2,bare-metal,11,1024.0,13.71,2
60,2,bare-metal,11,2048.0,14.05,2
61,2,bare-metal,11,4096.0,14.98,2
62,2,bare-metal,11,8192.0,16.79,2
63,2,bare-metal,11,16384.0,17.43,2
64,2,bare-metal,11,32768.0,18.7,2
65,2,bare-metal,11,65536.0,21.28,2
66,2,bare-metal,11,131072.0,54.2,2
67,2,bare-metal,11,262144.0,64.26,2
68,2,bare-metal,11,524288.0,113.7,2
69,2,bare-metal,11,1048576.0,95.75,2
70,2,bare-metal,11,2097152.0,169.72,2
71,2,bare-metal,11,4194304.0,263.48,2
72,2,bare-metal,15,0.0,12.98,2
73,2,bare-metal,15,1.0,13.01,2
74,2,bare-metal,15,2.0,13.01,2
75,2,bare-metal,15,4.0,13.03,2
76,2,bare-metal,15,8.0,13.29,2
77,2,bare-metal,15,16.0,13.28,2
78,2,bare-metal,15,32.0,13.31,2
79,2,bare-metal,15,64.0,13.45,2
80,2,bare-metal,15,128.0,13.48,2
81,2,bare-metal,15,256.0,13.53,2
82,2,bare-metal,15,512.0,13.57,2
83,2,bare-metal,15,1024.0,13.67,2
84,2,bare-metal,15,2048.0,14.01,2
85,2,bare-metal,15,4096.0,14.94,2
86,2,bare-metal,15,8192.0,16.8,2
87,2,bare-metal,15,16384.0,17.42,2
88,2,bare-metal,15,32768.0,18.62,2
89,2,bare-metal,15,65536.0,21.13,2
90,2,bare-metal,15,131072.0,54.09,2
91,2,bare-metal,15,262144.0,64.18,2
92,2,bare-metal,15,524288.0,113.55,2
93,2,bare-metal,15,1048576.0,95.91,2
94,2,bare-metal,15,2097152.0,170.18,2
95,2,bare-metal,15,4194304.0,264.35,2
96,2,bare-metal,2,0.0,13.03,2
97,2,bare-metal,2,1.0,13.04,2
98,2,bare-metal,2,2.0,13.04,2
99,2,bare-metal,2,4.0,13.02,2
100,2,bare-metal,2,8.0,13.33,2
101,2,bare-metal,2,16.0,13.33,2
102,2,bare-metal,2,32.0,13.36,2
103,2,bare-metal,2,64.0,13.48,2
104,2,bare-metal,2,128.0,13.5,2
105,2,bare-metal,2,256.0,13.52,2
106,2,bare-metal,2,512.0,13.6,2
107,2,bare-metal,2,1024.0,13.7,2
108,2,bare-metal,2,2048.0,14.07,2
109,2,bare-metal,2,4096.0,14.96,2
110,2,bare-metal,2,8192.0,16.91,2
111,2,bare-metal,2,16384.0,17.41,2
112,2,bare-metal,2,32768.0,18.69,2
113,2,bare-metal,2,65536.0,21.2,2
114,2,bare-metal,2,131072.0,54.36,2
115,2,bare-metal,2,262144.0,64.66,2
116,2,bare-metal,2,524288.0,114.13,2
117,2,bare-metal,2,1048576.0,96.09,2
118,2,bare-metal,2,2097152.0,169.69,2
119,2,bare-metal,2,4194304.0,262.85,2
120,2,bare-metal,20,0.0,12.96,2
121,2,bare-metal,20,1.0,12.99,2
122,2,bare-metal,20,2.0,12.96,2
123,2,bare-metal,20,4.0,12.97,2
124,2,bare-metal,20,8.0,13.26,2
125,2,bare-metal,20,16.0,13.27,2
126,2,bare-metal,20,32.0,13.28,2
127,2,bare-metal,20,64.0,13.4,2
128,2,bare-metal,20,128.0,13.42,2
129,2,bare-metal,20,256.0,13.43,2
130,2,bare-metal,20,512.0,13.49,2
131,2,bare-metal,20,1024.0,13.63,2
132,2,bare-metal,20,2048.0,13.99,2
133,2,bare-metal,20,4096.0,14.96,2
134,2,bare-metal,20,8192.0,16.79,2
135,2,bare-metal,20,16384.0,17.43,2
136,2,bare-metal,20,32768.0,18.7,2
137,2,bare-metal,20,65536.0,21.27,2
138,2,bare-metal,20,131072.0,54.29,2
139,2,bare-metal,20,262144.0,64.37,2
140,2,bare-metal,20,524288.0,113.6,2
141,2,bare-metal,20,1048576.0,95.79,2
142,2,bare-metal,20,2097152.0,170.45,2
143,2,bare-metal,20,4194304.0,266.57,2
144,2,bare-metal,3,0.0,13.03,2
145,2,bare-metal,3,1.0,13.04,2
146,2,bare-metal,3,2.0,12.98,2
147,2,bare-metal,3,4.0,13.04,2
148,2,bare-metal,3,8.0,13.32,2
149,2,bare-metal,3,16.0,13.29,2
150,2,bare-metal,3,32.0,13.38,2
151,2,bare-metal,3,64.0,13.43,2
152,2,bare-metal,3,128.0,13.44,2
153,2,bare-metal,3,256.0,13.52,2
154,2,bare-metal,3,512.0,13.52,2
155,2,bare-metal,3,1024.0,13.66,2
156,2,bare-metal,3,2048.0,14.06,2
157,2,bare-metal,3,4096.0,14.98,2
158,2,bare-metal,3,8192.0,16.9,2
159,2,bare-metal,3,16384.0,17.66,2
160,2,bare-metal,3,32768.0,18.91,2
161,2,bare-metal,3,65536.0,21.26,2
162,2,bare-metal,3,131072.0,54.34,2
163,2,bare-metal,3,262144.0,64.42,2
164,2,bare-metal,3,524288.0,114.06,2
165,2,bare-metal,3,1048576.0,96.26,2
166,2,bare-metal,3,2097152.0,170.97,2
167,2,bare-metal,3,4194304.0,265.15,2
168,2,bare-metal,8,0.0,13.01,2
169,2,bare-metal,8,1.0,13.04,2
170,2,bare-metal,8,2.0,13.0,2
171,2,bare-metal,8,4.0,13.0,2
172,2,bare-metal,8,8.0,13.29,2
173,2,bare-metal,8,16.0,13.32,2
174,2,bare-metal,8,32.0,13.33,2
175,2,bare-metal,8,64.0,13.46,2
176,2,bare-metal,8,128.0,13.46,2
177,2,bare-metal,8,256.0,13.54,2
178,2,bare-metal,8,512.0,13.59,2
179,2,bare-metal,8,1024.0,13.73,2
180,2,bare-metal,8,2048.0,14.08,2
181,2,bare-metal,8,4096.0,14.97,2
182,2,bare-metal,8,8192.0,16.83,2
183,2,bare-metal,8,16384.0,17.53,2
184,2,bare-metal,8,32768.0,18.71,2
185,2,bare-metal,8,65536.0,21.15,2
186,2,bare-metal,8,131072.0,54.21,2
187,2,bare-metal,8,262144.0,64.33,2
188,2,bare-metal,8,524288.0,113.79,2
189,2,bare-metal,8,1048576.0,95.83,2
190,2,bare-metal,8,2097152.0,169.72,2
191,2,bare-metal,8,4194304.0,264.38,2
192,2,bare-metal,13,0.0,12.98,2
193,2,bare-metal,13,1.0,13.03,2
194,2,bare-metal,13,2.0,13.04,2
195,2,bare-metal,13,4.0,13.0,2
196,2,bare-metal,13,8.0,13.33,2
197,2,bare-metal,13,16.0,13.36,2
198,2,bare-metal,13,32.0,13.33,2
199,2,bare-metal,13,64.0,13.47,2
200,2,bare-metal,13,128.0,13.51,2
201,2,bare-metal,13,256.0,13.49,2
202,2,bare-metal,13,512.0,13.6,2
203,2,bare-metal,13,1024.0,13.72,2
204,2,bare-metal,13,2048.0,14.04,2
205,2,bare-metal,13,4096.0,15.03,2
206,2,bare-metal,13,8192.0,16.85,2
207,2,bare-metal,13,16384.0,17.46,2
208,2,bare-metal,13,32768.0,18.72,2
209,2,bare-metal,13,65536.0,21.31,2
210,2,bare-metal,13,131072.0,54.53,2
211,2,bare-metal,13,262144.0,64.89,2
212,2,bare-metal,13,524288.0,114.32,2
213,2,bare-metal,13,1048576.0,96.02,2
214,2,bare-metal,13,2097152.0,170.27,2
215,2,bare-metal,13,4194304.0,265.16,2
216,2,bare-metal,6,0.0,13.05,2
217,2,bare-metal,6,1.0,13.07,2
218,2,bare-metal,6,2.0,13.02,2
219,2,bare-metal,6,4.0,13.05,2
220,2,bare-metal,6,8.0,13.34,2
221,2,bare-metal,6,16.0,13.36,2
222,2,bare-metal,6,32.0,13.38,2
223,2,bare-metal,6,64.0,13.53,2
224,2,bare-metal,6,128.0,13.48,2
225,2,bare-metal,6,256.0,13.55,2
226,2,bare-metal,6,512.0,13.61,2
227,2,bare-metal,6,1024.0,13.76,2
228,2,bare-metal,6,2048.0,14.11,2
229,2,bare-metal,6,4096.0,15.05,2
230,2,bare-metal,6,8192.0,16.87,2
231,2,bare-metal,6,16384.0,17.51,2
232,2,bare-metal,6,32768.0,18.75,2
233,2,bare-metal,6,65536.0,21.35,2
234,2,bare-metal,6,131072.0,54.43,2
235,2,bare-metal,6,262144.0,64.44,2
236,2,bare-metal,6,524288.0,114.43,2
237,2,bare-metal,6,1048576.0,96.28,2
238,2,bare-metal,6,2097152.0,170.96,2
239,2,bare-metal,6,4194304.0,265.45,2
240,2,bare-metal,12,0.0,13.04,2
241,2,bare-metal,12,1.0,13.05,2
242,2,bare-metal,12,2.0,13.04,2
243,2,bare-metal,12,4.0,13.04,2
244,2,bare-metal,12,8.0,13.33,2
245,2,bare-metal,12,16.0,13.34,2
246,2,bare-metal,12,32.0,13.36,2
247,2,bare-metal,12,64.0,13.48,2
248,2,bare-metal,12,128.0,13.5,2
249,2,bare-metal,12,256.0,13.51,2
250,2,bare-metal,12,512.0,13.58,2
251,2,bare-metal,12,1024.0,13.71,2
252,2,bare-metal,12,2048.0,14.05,2
253,2,bare-metal,12,4096.0,14.98,2
254,2,bare-metal,12,8192.0,16.85,2
255,2,bare-metal,12,16384.0,17.44,2
256,2,bare-metal,12,32768.0,18.65,2
257,2,bare-metal,12,65536.0,21.22,2
258,2,bare-metal,12,131072.0,54.37,2
259,2,bare-metal,12,262144.0,64.34,2
260,2,bare-metal,12,524288.0,113.79,2
261,2,bare-metal,12,1048576.0,96.03,2
262,2,bare-metal,12,2097152.0,170.07,2
263,2,bare-metal,12,4194304.0,266.81,2
264,2,bare-metal,17,0.0,13.02,2
265,2,bare-metal,17,1.0,13.03,2
266,2,bare-metal,17,2.0,13.0,2
267,2,bare-metal,17,4.0,13.0,2
268,2,bare-metal,17,8.0,13.3,2
269,2,bare-metal,17,16.0,13.32,2
270,2,bare-metal,17,32.0,13.33,2
271,2,bare-metal,17,64.0,13.46,2
272,2,bare-metal,17,128.0,13.47,2
273,2,bare-metal,17,256.0,13.5,2
274,2,bare-metal,17,512.0,13.58,2
275,2,bare-metal,17,1024.0,13.71,2
276,2,bare-metal,17,2048.0,14.05,2
277,2,bare-metal,17,4096.0,15.03,2
278,2,bare-metal,17,8192.0,16.96,2
279,2,bare-metal,17,16384.0,17.46,2
280,2,bare-metal,17,32768.0,18.7,2
281,2,bare-metal,17,65536.0,21.37,2
282,2,bare-metal,17,131072.0,54.38,2
283,2,bare-metal,17,262144.0,64.42,2
284,2,bare-metal,17,524288.0,114.17,2
285,2,bare-metal,17,1048576.0,96.12,2
286,2,bare-metal,17,2097152.0,169.79,2
287,2,bare-metal,17,4194304.0,265.78,2
288,2,bare-metal,7,0.0,13.0,2
289,2,bare-metal,7,1.0,13.03,2
290,2,bare-metal,7,2.0,13.01,2
291,2,bare-metal,7,4.0,13.0,2
292,2,bare-metal,7,8.0,13.29,2
293,2,bare-metal,7,16.0,13.31,2
294,2,bare-metal,7,32.0,13.32,2
295,2,bare-metal,7,64.0,13.45,2
296,2,bare-metal,7,128.0,13.48,2
297,2,bare-metal,7,256.0,13.54,2
298,2,bare-metal,7,512.0,13.6,2
299,2,bare-metal,7,1024.0,13.73,2
300,2,bare-metal,7,2048.0,14.07,2
301,2,bare-metal,7,4096.0,14.95,2
302,2,bare-metal,7,8192.0,16.84,2
303,2,bare-metal,7,16384.0,17.44,2
304,2,bare-metal,7,32768.0,18.69,2
305,2,bare-metal,7,65536.0,21.22,2
306,2,bare-metal,7,131072.0,54.18,2
307,2,bare-metal,7,262144.0,64.38,2
308,2,bare-metal,7,524288.0,114.0,2
309,2,bare-metal,7,1048576.0,95.87,2
310,2,bare-metal,7,2097152.0,170.13,2
311,2,bare-metal,7,4194304.0,264.83,2
312,2,bare-metal,14,0.0,13.01,2
313,2,bare-metal,14,1.0,13.06,2
314,2,bare-metal,14,2.0,13.04,2
315,2,bare-metal,14,4.0,13.01,2
316,2,bare-metal,14,8.0,13.3,2
317,2,bare-metal,14,16.0,13.31,2
318,2,bare-metal,14,32.0,13.32,2
319,2,bare-metal,14,64.0,13.48,2
320,2,bare-metal,14,128.0,13.53,2
321,2,bare-metal,14,256.0,13.54,2
322,2,bare-metal,14,512.0,13.56,2
323,2,bare-metal,14,1024.0,13.68,2
324,2,bare-metal,14,2048.0,14.02,2
325,2,bare-metal,14,4096.0,14.98,2
326,2,bare-metal,14,8192.0,16.92,2
327,2,bare-metal,14,16384.0,17.58,2
328,2,bare-metal,14,32768.0,18.85,2
329,2,bare-metal,14,65536.0,21.44,2
330,2,bare-metal,14,131072.0,54.62,2
331,2,bare-metal,14,262144.0,64.31,2
332,2,bare-metal,14,524288.0,113.93,2
333,2,bare-metal,14,1048576.0,95.95,2
334,2,bare-metal,14,2097152.0,170.78,2
335,2,bare-metal,14,4194304.0,268.25,2
336,2,bare-metal,19,0.0,12.97,2
337,2,bare-metal,19,1.0,13.03,2
338,2,bare-metal,19,2.0,12.99,2
339,2,bare-metal,19,4.0,12.99,2
340,2,bare-metal,19,8.0,13.28,2
341,2,bare-metal,19,16.0,13.3,2
342,2,bare-metal,19,32.0,13.31,2
343,2,bare-metal,19,64.0,13.45,2
344,2,bare-metal,19,128.0,13.45,2
345,2,bare-metal,19,256.0,13.49,2
346,2,bare-metal,19,512.0,13.54,2
347,2,bare-metal,19,1024.0,13.66,2
348,2,bare-metal,19,2048.0,14.02,2
349,2,bare-metal,19,4096.0,14.93,2
350,2,bare-metal,19,8192.0,16.82,2
351,2,bare-metal,19,16384.0,17.4,2
352,2,bare-metal,19,32768.0,18.6,2
353,2,bare-metal,19,65536.0,21.2,2
354,2,bare-metal,19,131072.0,54.12,2
355,2,bare-metal,19,262144.0,64.24,2
356,2,bare-metal,19,524288.0,113.74,2
357,2,bare-metal,19,1048576.0,96.05,2
358,2,bare-metal,19,2097152.0,170.9,2
359,2,bare-metal,19,4194304.0,266.84,2
360,2,bare-metal,10,0.0,12.99,2
361,2,bare-metal,10,1.0,13.01,2
362,2,bare-metal,10,2.0,12.99,2
363,2,bare-metal,10,4.0,12.99,2
364,2,bare-metal,10,8.0,13.3,2
365,2,bare-metal,10,16.0,13.32,2
366,2,bare-metal,10,32.0,13.32,2
367,2,bare-metal,10,64.0,13.46,2
368,2,bare-metal,10,128.0,13.47,2
369,2,bare-metal,10,256.0,13.49,2
370,2,bare-metal,10,512.0,13.56,2
371,2,bare-metal,10,1024.0,13.68,2
372,2,bare-metal,10,2048.0,14.03,2
373,2,bare-metal,10,4096.0,14.97,2
374,2,bare-metal,10,8192.0,16.83,2
375,2,bare-metal,10,16384.0,17.47,2
376,2,bare-metal,10,32768.0,18.7,2
377,2,bare-metal,10,65536.0,21.26,2
378,2,bare-metal,10,131072.0,54.32,2
379,2,bare-metal,10,262144.0,64.36,2
380,2,bare-metal,10,524288.0,113.99,2
381,2,bare-metal,10,1048576.0,96.19,2
382,2,bare-metal,10,2097152.0,170.61,2
383,2,bare-metal,10,4194304.0,266.19,2
384,2,bare-metal,4,0.0,13.07,2
385,2,bare-metal,4,1.0,13.07,2
386,2,bare-metal,4,2.0,13.05,2
387,2,bare-metal,4,4.0,13.07,2
388,2,bare-metal,4,8.0,13.37,2
389,2,bare-metal,4,16.0,13.36,2
390,2,bare-metal,4,32.0,13.38,2
391,2,bare-metal,4,64.0,13.5,2
392,2,bare-metal,4,128.0,13.51,2
393,2,bare-metal,4,256.0,13.54,2
394,2,bare-metal,4,512.0,13.6,2
395,2,bare-metal,4,1024.0,13.71,2
396,2,bare-metal,4,2048.0,14.07,2
397,2,bare-metal,4,4096.0,14.99,2
398,2,bare-metal,4,8192.0,16.88,2
399,2,bare-metal,4,16384.0,17.62,2
400,2,bare-metal,4,32768.0,18.89,2
401,2,bare-metal,4,65536.0,21.36,2
402,2,bare-metal,4,131072.0,54.53,2
403,2,bare-metal,4,262144.0,64.34,2
404,2,bare-metal,4,524288.0,114.09,2
405,2,bare-metal,4,1048576.0,96.11,2
406,2,bare-metal,4,2097152.0,171.1,2
407,2,bare-metal,4,4194304.0,262.86,2
408,2,bare-metal,18,0.0,12.98,2
409,2,bare-metal,18,1.0,13.03,2
410,2,bare-metal,18,2.0,13.05,2
411,2,bare-metal,18,4.0,13.04,2
412,2,bare-metal,18,8.0,13.32,2
413,2,bare-metal,18,16.0,13.32,2
414,2,bare-metal,18,32.0,13.31,2
415,2,bare-metal,18,64.0,13.45,2
416,2,bare-metal,18,128.0,13.45,2
417,2,bare-metal,18,256.0,13.47,2
418,2,bare-metal,18,512.0,13.54,2
419,2,bare-metal,18,1024.0,13.67,2
420,2,bare-metal,18,2048.0,14.01,2
421,2,bare-metal,18,4096.0,14.96,2
422,2,bare-metal,18,8192.0,16.84,2
423,2,bare-metal,18,16384.0,17.48,2
424,2,bare-metal,18,32768.0,18.7,2
425,2,bare-metal,18,65536.0,21.23,2
426,2,bare-metal,18,131072.0,54.32,2
427,2,bare-metal,18,262144.0,64.52,2
428,2,bare-metal,18,524288.0,114.4,2
429,2,bare-metal,18,1048576.0,96.16,2
430,2,bare-metal,18,2097152.0,170.95,2
431,2,bare-metal,18,4194304.0,265.63,2
432,2,bare-metal,16,0.0,13.02,2
433,2,bare-metal,16,1.0,13.05,2
434,2,bare-metal,16,2.0,13.04,2
435,2,bare-metal,16,4.0,13.05,2
436,2,bare-metal,16,8.0,13.34,2
437,2,bare-metal,16,16.0,13.32,2
438,2,bare-metal,16,32.0,13.37,2
439,2,bare-metal,16,64.0,13.5,2
440,2,bare-metal,16,128.0,13.51,2
441,2,bare-metal,16,256.0,13.54,2
442,2,bare-metal,16,512.0,13.61,2
443,2,bare-metal,16,1024.0,13.7,2
444,2,bare-metal,16,2048.0,14.07,2
445,2,bare-metal,16,4096.0,15.05,2
446,2,bare-metal,16,8192.0,16.98,2
447,2,bare-metal,16,16384.0,17.52,2
448,2,bare-metal,16,32768.0,18.66,2
449,2,bare-metal,16,65536.0,21.24,2
450,2,bare-metal,16,131072.0,54.37,2
451,2,bare-metal,16,262144.0,64.34,2
452,2,bare-metal,16,524288.0,114.04,2
453,2,bare-metal,16,1048576.0,95.98,2
454,2,bare-metal,16,2097152.0,169.21,2
455,2,bare-metal,16,4194304.0,266.86,2
456,2,bare-metal,1,0.0,13.0,2
457,2,bare-metal,1,1.0,13.04,2
458,2,bare-metal,1,2.0,13.03,2
459,2,bare-metal,1,4.0,13.02,2
460,2,bare-metal,1,8.0,13.32,2
461,2,bare-metal,1,16.0,13.34,2
462,2,bare-metal,1,32.0,13.34,2
463,2,bare-metal,1,64.0,13.49,2
464,2,bare-metal,1,128.0,13.49,2
465,2,bare-metal,1,256.0,13.52,2
466,2,bare-metal,1,512.0,13.59,2
467,2,bare-metal,1,1024.0,13.71,2
468,2,bare-metal,1,2048.0,14.06,2
469,2,bare-metal,1,4096.0,15.0,2
470,2,bare-metal,1,8192.0,16.86,2
471,2,bare-metal,1,16384.0,17.47,2
472,2,bare-metal,1,32768.0,18.7,2
473,2,bare-metal,1,65536.0,21.25,2
474,2,bare-metal,1,131072.0,54.29,2
475,2,bare-metal,1,262144.0,64.32,2
476,2,bare-metal,1,524288.0,113.72,2
477,2,bare-metal,1,1048576.0,96.0,2
478,2,bare-metal,1,2097152.0,170.05,2
479,2,bare-metal,1,4194304.0,267.79,2
480,2,container-with-usernetes,9,0.0,12.97,2
481,2,container-with-usernetes,9,1.0,13.01,2
482,2,container-with-usernetes,9,2.0,12.99,2
483,2,container-with-usernetes,9,4.0,12.99,2
484,2,container-with-usernetes,9,8.0,13.31,2
485,2,container-with-usernetes,9,16.0,13.32,2
486,2,container-with-usernetes,9,32.0,13.33,2
487,2,container-with-usernetes,9,64.0,13.47,2
488,2,container-with-usernetes,9,128.0,13.47,2
489,2,container-with-usernetes,9,256.0,13.5,2
490,2,container-with-usernetes,9,512.0,13.56,2
491,2,container-with-usernetes,9,1024.0,13.68,2
492,2,container-with-usernetes,9,2048.0,14.02,2
493,2,container-with-usernetes,9,4096.0,14.94,2
494,2,container-with-usernetes,9,8192.0,16.84,2
495,2,container-with-usernetes,9,16384.0,17.47,2
496,2,container-with-usernetes,9,32768.0,18.66,2
497,2,container-with-usernetes,9,65536.0,21.23,2
498,2,container-with-usernetes,9,131072.0,54.32,2
499,2,container-with-usernetes,9,262144.0,64.26,2
500,2,container-with-usernetes,9,524288.0,113.93,2
501,2,container-with-usernetes,9,1048576.0,95.91,2
502,2,container-with-usernetes,9,2097152.0,169.12,2
503,2,container-with-usernetes,9,4194304.0,266.44,2
504,2,container-with-usernetes,5,0.0,12.96,2
505,2,container-with-usernetes,5,1.0,13.0,2
506,2,container-with-usernetes,5,2.0,12.98,2
507,2,container-with-usernetes,5,4.0,12.98,2
508,2,container-with-usernetes,5,8.0,13.28,2
509,2,container-with-usernetes,5,16.0,13.31,2
510,2,container-with-usernetes,5,32.0,13.3,2
511,2,container-with-usernetes,5,64.0,13.44,2
512,2,container-with-usernetes,5,128.0,13.45,2
513,2,container-with-usernetes,5,256.0,13.49,2
514,2,container-with-usernetes,5,512.0,13.54,2
515,2,container-with-usernetes,5,1024.0,13.69,2
516,2,container-with-usernetes,5,2048.0,14.03,2
517,2,container-with-usernetes,5,4096.0,14.91,2
518,2,container-with-usernetes,5,8192.0,16.81,2
519,2,container-with-usernetes,5,16384.0,17.47,2
520,2,container-with-usernetes,5,32768.0,18.7,2
521,2,container-with-usernetes,5,65536.0,21.34,2
522,2,container-with-usernetes,5,131072.0,54.36,2
523,2,container-with-usernetes,5,262144.0,64.5,2
524,2,container-with-usernetes,5,524288.0,114.15,2
525,2,container-with-usernetes,5,1048576.0,96.03,2
526,2,container-with-usernetes,5,2097152.0,170.03,2
527,2,container-with-usernetes,5,4194304.0,265.55,2
528,2,container-with-usernetes,11,0.0,13.01,2
529,2,container-with-usernetes,11,1.0,13.04,2
530,2,container-with-usernetes,11,2.0,13.02,2
531,2,container-with-usernetes,11,4.0,13.01,2
532,2,container-with-usernetes,11,8.0,13.33,2
533,2,container-with-usernetes,11,16.0,13.35,2
534,2,container-with-usernetes,11,32.0,13.35,2
535,2,container-with-usernetes,11,64.0,13.48,2
536,2,container-with-usernetes,11,128.0,13.52,2
537,2,container-with-usernetes,11,256.0,13.53,2
538,2,container-with-usernetes,11,512.0,13.57,2
539,2,container-with-usernetes,11,1024.0,13.74,2
540,2,container-with-usernetes,11,2048.0,14.08,2
541,2,container-with-usernetes,11,4096.0,14.94,2
542,2,container-with-usernetes,11,8192.0,16.86,2
543,2,container-with-usernetes,11,16384.0,17.52,2
544,2,container-with-usernetes,11,32768.0,18.71,2
545,2,container-with-usernetes,11,65536.0,21.17,2
546,2,container-with-usernetes,11,131072.0,54.33,2
547,2,container-with-usernetes,11,262144.0,64.42,2
548,2,container-with-usernetes,11,524288.0,114.24,2
549,2,container-with-usernetes,11,1048576.0,96.18,2
550,2,container-with-usernetes,11,2097152.0,169.39,2
551,2,container-with-usernetes,11,4194304.0,263.23,2
552,2,container-with-usernetes,15,0.0,12.97,2
553,2,container-with-usernetes,15,1.0,13.02,2
554,2,container-with-usernetes,15,2.0,13.0,2
555,2,container-with-usernetes,15,4.0,13.0,2
556,2,container-with-usernetes,15,8.0,13.32,2
557,2,container-with-usernetes,15,16.0,13.34,2
558,2,container-with-usernetes,15,32.0,13.35,2
559,2,container-with-usernetes,15,64.0,13.47,2
560,2,container-with-usernetes,15,128.0,13.49,2
561,2,container-with-usernetes,15,256.0,13.52,2
562,2,container-with-usernetes,15,512.0,13.57,2
563,2,container-with-usernetes,15,1024.0,13.71,2
564,2,container-with-usernetes,15,2048.0,14.04,2
565,2,container-with-usernetes,15,4096.0,14.96,2
566,2,container-with-usernetes,15,8192.0,16.85,2
567,2,container-with-usernetes,15,16384.0,17.45,2
568,2,container-with-usernetes,15,32768.0,18.67,2
569,2,container-with-usernetes,15,65536.0,21.22,2
570,2,container-with-usernetes,15,131072.0,54.3,2
571,2,container-with-usernetes,15,262144.0,64.5,2
572,2,container-with-usernetes,15,524288.0,113.92,2
573,2,container-with-usernetes,15,1048576.0,95.9,2
574,2,container-with-usernetes,15,2097152.0,170.68,2
575,2,container-with-usernetes,15,4194304.0,264.22,2
576,2,container-with-usernetes,2,0.0,12.99,2
577,2,container-with-usernetes,2,1.0,13.04,2
578,2,container-with-usernetes,2,2.0,13.02,2
579,2,container-with-usernetes,2,4.0,13.01,2
580,2,container-with-usernetes,2,8.0,13.32,2
581,2,container-with-usernetes,2,16.0,13.35,2
582,2,container-with-usernetes,2,32.0,13.35,2
583,2,container-with-usernetes,2,64.0,13.49,2
584,2,container-with-usernetes,2,128.0,13.51,2
585,2,container-with-usernetes,2,256.0,13.52,2
586,2,container-with-usernetes,2,512.0,13.59,2
587,2,container-with-usernetes,2,1024.0,13.72,2
588,2,container-with-usernetes,2,2048.0,14.06,2
589,2,container-with-usernetes,2,4096.0,15.0,2
590,2,container-with-usernetes,2,8192.0,16.86,2
591,2,container-with-usernetes,2,16384.0,17.52,2
592,2,container-with-usernetes,2,32768.0,18.69,2
593,2,container-with-usernetes,2,65536.0,21.22,2
594,2,container-with-usernetes,2,131072.0,54.38,2
595,2,container-with-usernetes,2,262144.0,64.43,2
596,2,container-with-usernetes,2,524288.0,114.11,2
597,2,container-with-usernetes,2,1048576.0,95.98,2
598,2,container-with-usernetes,2,2097152.0,169.14,2
599,2,container-with-usernetes,2,4194304.0,267.13,2
600,2,container-with-usernetes,20,0.0,12.97,2
601,2,container-with-usernetes,20,1.0,13.01,2
602,2,container-with-usernetes,20,2.0,13.0,2
603,2,container-with-usernetes,20,4.0,13.0,2
604,2,container-with-usernetes,20,8.0,13.3,2
605,2,container-with-usernetes,20,16.0,13.31,2
606,2,container-with-usernetes,20,32.0,13.33,2
607,2,container-with-usernetes,20,64.0,13.47,2
608,2,container-with-usernetes,20,128.0,13.47,2
609,2,container-with-usernetes,20,256.0,13.49,2
610,2,container-with-usernetes,20,512.0,13.57,2
611,2,container-with-usernetes,20,1024.0,13.69,2
612,2,container-with-usernetes,20,2048.0,14.04,2
613,2,container-with-usernetes,20,4096.0,14.96,2
614,2,container-with-usernetes,20,8192.0,16.8,2
615,2,container-with-usernetes,20,16384.0,17.46,2
616,2,container-with-usernetes,20,32768.0,18.7,2
617,2,container-with-usernetes,20,65536.0,21.22,2
618,2,container-with-usernetes,20,131072.0,54.34,2
619,2,container-with-usernetes,20,262144.0,64.38,2
620,2,container-with-usernetes,20,524288.0,114.21,2
621,2,container-with-usernetes,20,1048576.0,95.86,2
622,2,container-with-usernetes,20,2097152.0,168.61,2
623,2,container-with-usernetes,20,4194304.0,265.4,2
624,2,container-with-usernetes,3,0.0,12.96,2
625,2,container-with-usernetes,3,1.0,13.0,2
626,2,container-with-usernetes,3,2.0,12.97,2
627,2,container-with-usernetes,3,4.0,12.98,2
628,2,container-with-usernetes,3,8.0,13.29,2
629,2,container-with-usernetes,3,16.0,13.3,2
630,2,container-with-usernetes,3,32.0,13.31,2
631,2,container-with-usernetes,3,64.0,13.44,2
632,2,container-with-usernetes,3,128.0,13.46,2
633,2,container-with-usernetes,3,256.0,13.47,2
634,2,container-with-usernetes,3,512.0,13.54,2
635,2,container-with-usernetes,3,1024.0,13.67,2
636,2,container-with-usernetes,3,2048.0,14.0,2
637,2,container-with-usernetes,3,4096.0,14.92,2
638,2,container-with-usernetes,3,8192.0,16.78,2
639,2,container-with-usernetes,3,16384.0,17.4,2
640,2,container-with-usernetes,3,32768.0,18.6,2
641,2,container-with-usernetes,3,65536.0,21.22,2
642,2,container-with-usernetes,3,131072.0,54.18,2
643,2,container-with-usernetes,3,262144.0,64.16,2
644,2,container-with-usernetes,3,524288.0,113.66,2
645,2,container-with-usernetes,3,1048576.0,95.94,2
646,2,container-with-usernetes,3,2097152.0,169.97,2
647,2,container-with-usernetes,3,4194304.0,266.66,2
648,2,container-with-usernetes,8,0.0,12.96,2
649,2,container-with-usernetes,8,1.0,12.97,2
650,2,container-with-usernetes,8,2.0,12.96,2
651,2,container-with-usernetes,8,4.0,12.96,2
652,2,container-with-usernetes,8,8.0,13.3,2
653,2,container-with-usernetes,8,16.0,13.29,2
654,2,container-with-usernetes,8,32.0,13.32,2
655,2,container-with-usernetes,8,64.0,13.43,2
656,2,container-with-usernetes,8,128.0,13.47,2
657,2,container-with-usernetes,8,256.0,13.47,2
658,2,container-with-usernetes,8,512.0,13.54,2
659,2,container-with-usernetes,8,1024.0,13.67,2
660,2,container-with-usernetes,8,2048.0,14.0,2
661,2,container-with-usernetes,8,4096.0,14.93,2
662,2,container-with-usernetes,8,8192.0,16.8,2
663,2,container-with-usernetes,8,16384.0,17.42,2
664,2,container-with-usernetes,8,32768.0,18.67,2
665,2,container-with-usernetes,8,65536.0,21.21,2
666,2,container-with-usernetes,8,131072.0,54.26,2
667,2,container-with-usernetes,8,262144.0,64.39,2
668,2,container-with-usernetes,8,524288.0,113.94,2
669,2,container-with-usernetes,8,1048576.0,95.96,2
670,2,container-with-usernetes,8,2097152.0,169.72,2
671,2,container-with-usernetes,8,4194304.0,258.88,2
672,2,container-with-usernetes,13,0.0,12.98,2
673,2,container-with-usernetes,13,1.0,13.03,2
674,2,container-with-usernetes,13,2.0,13.01,2
675,2,container-with-usernetes,13,4.0,13.02,2
676,2,container-with-usernetes,13,8.0,13.31,2
677,2,container-with-usernetes,13,16.0,13.33,2
678,2,container-with-usernetes,13,32.0,13.35,2
679,2,container-with-usernetes,13,64.0,13.45,2
680,2,container-with-usernetes,13,128.0,13.47,2
681,2,container-with-usernetes,13,256.0,13.52,2
682,2,container-with-usernetes,13,512.0,13.56,2
683,2,container-with-usernetes,13,1024.0,13.69,2
684,2,container-with-usernetes,13,2048.0,14.02,2
685,2,container-with-usernetes,13,4096.0,14.98,2
686,2,container-with-usernetes,13,8192.0,16.81,2
687,2,container-with-usernetes,13,16384.0,17.51,2
688,2,container-with-usernetes,13,32768.0,18.74,2
689,2,container-with-usernetes,13,65536.0,21.3,2
690,2,container-with-usernetes,13,131072.0,54.59,2
691,2,container-with-usernetes,13,262144.0,64.6,2
692,2,container-with-usernetes,13,524288.0,114.22,2
693,2,container-with-usernetes,13,1048576.0,95.99,2
694,2,container-with-usernetes,13,2097152.0,169.54,2
695,2,container-with-usernetes,13,4194304.0,267.5,2
696,2,container-with-usernetes,6,0.0,12.96,2
697,2,container-with-usernetes,6,1.0,13.01,2
698,2,container-with-usernetes,6,2.0,12.99,2
699,2,container-with-usernetes,6,4.0,12.98,2
700,2,container-with-usernetes,6,8.0,13.29,2
701,2,container-with-usernetes,6,16.0,13.31,2
702,2,container-with-usernetes,6,32.0,13.31,2
703,2,container-with-usernetes,6,64.0,13.44,2
704,2,container-with-usernetes,6,128.0,13.46,2
705,2,container-with-usernetes,6,256.0,13.49,2
706,2,container-with-usernetes,6,512.0,13.54,2
707,2,container-with-usernetes,6,1024.0,13.68,2
708,2,container-with-usernetes,6,2048.0,14.02,2
709,2,container-with-usernetes,6,4096.0,14.94,2
710,2,container-with-usernetes,6,8192.0,16.78,2
711,2,container-with-usernetes,6,16384.0,17.47,2
712,2,container-with-usernetes,6,32768.0,18.77,2
713,2,container-with-usernetes,6,65536.0,21.28,2
714,2,container-with-usernetes,6,131072.0,54.37,2
715,2,container-with-usernetes,6,262144.0,64.35,2
716,2,container-with-usernetes,6,524288.0,114.09,2
717,2,container-with-usernetes,6,1048576.0,95.8,2
718,2,container-with-usernetes,6,2097152.0,169.06,2
719,2,container-with-usernetes,6,4194304.0,263.44,2
720,2,container-with-usernetes,12,0.0,12.96,2
721,2,container-with-usernetes,12,1.0,13.01,2
722,2,container-with-usernetes,12,2.0,12.98,2
723,2,container-with-usernetes,12,4.0,12.98,2
724,2,container-with-usernetes,12,8.0,13.29,2
725,2,container-with-usernetes,12,16.0,13.3,2
726,2,container-with-usernetes,12,32.0,13.32,2
727,2,container-with-usernetes,12,64.0,13.44,2
728,2,container-with-usernetes,12,128.0,13.47,2
729,2,container-with-usernetes,12,256.0,13.49,2
730,2,container-with-usernetes,12,512.0,13.54,2
731,2,container-with-usernetes,12,1024.0,13.68,2
732,2,container-with-usernetes,12,2048.0,14.02,2
733,2,container-with-usernetes,12,4096.0,14.93,2
734,2,container-with-usernetes,12,8192.0,16.78,2
735,2,container-with-usernetes,12,16384.0,17.43,2
736,2,container-with-usernetes,12,32768.0,18.69,2
737,2,container-with-usernetes,12,65536.0,21.08,2
738,2,container-with-usernetes,12,131072.0,54.29,2
739,2,container-with-usernetes,12,262144.0,64.37,2
740,2,container-with-usernetes,12,524288.0,114.0,2
741,2,container-with-usernetes,12,1048576.0,96.14,2
742,2,container-with-usernetes,12,2097152.0,170.14,2
743,2,container-with-usernetes,12,4194304.0,264.37,2
744,2,container-with-usernetes,17,0.0,12.97,2
745,2,container-with-usernetes,17,1.0,13.01,2
746,2,container-with-usernetes,17,2.0,13.0,2
747,2,container-with-usernetes,17,4.0,13.01,2
748,2,container-with-usernetes,17,8.0,13.3,2
749,2,container-with-usernetes,17,16.0,13.3,2
750,2,container-with-usernetes,17,32.0,13.33,2
751,2,container-with-usernetes,17,64.0,13.45,2
752,2,container-with-usernetes,17,128.0,13.48,2
753,2,container-with-usernetes,17,256.0,13.51,2
754,2,container-with-usernetes,17,512.0,13.58,2
755,2,container-with-usernetes,17,1024.0,13.68,2
756,2,container-with-usernetes,17,2048.0,14.04,2
757,2,container-with-usernetes,17,4096.0,14.96,2
758,2,container-with-usernetes,17,8192.0,16.81,2
759,2,container-with-usernetes,17,16384.0,17.43,2
760,2,container-with-usernetes,17,32768.0,18.69,2
761,2,container-with-usernetes,17,65536.0,21.15,2
762,2,container-with-usernetes,17,131072.0,54.19,2
763,2,container-with-usernetes,17,262144.0,64.25,2
764,2,container-with-usernetes,17,524288.0,113.63,2
765,2,container-with-usernetes,17,1048576.0,96.09,2
766,2,container-with-usernetes,17,2097152.0,170.58,2
767,2,container-with-usernetes,17,4194304.0,267.26,2
768,2,container-with-usernetes,7,0.0,12.96,2
769,2,container-with-usernetes,7,1.0,12.99,2
770,2,container-with-usernetes,7,2.0,12.97,2
771,2,container-with-usernetes,7,4.0,12.97,2
772,2,container-with-usernetes,7,8.0,13.29,2
773,2,container-with-usernetes,7,16.0,13.31,2
774,2,container-with-usernetes,7,32.0,13.33,2
775,2,container-with-usernetes,7,64.0,13.43,2
776,2,container-with-usernetes,7,128.0,13.47,2
777,2,container-with-usernetes,7,256.0,13.49,2
778,2,container-with-usernetes,7,512.0,13.55,2
779,2,container-with-usernetes,7,1024.0,13.69,2
780,2,container-with-usernetes,7,2048.0,14.02,2
781,2,container-with-usernetes,7,4096.0,14.95,2
782,2,container-with-usernetes,7,8192.0,16.84,2
783,2,container-with-usernetes,7,16384.0,17.45,2
784,2,container-with-usernetes,7,32768.0,18.7,2
785,2,container-with-usernetes,7,65536.0,21.27,2
786,2,container-with-usernetes,7,131072.0,54.23,2
787,2,container-with-usernetes,7,262144.0,64.25,2
788,2,container-with-usernetes,7,524288.0,113.94,2
789,2,container-with-usernetes,7,1048576.0,95.9,2
790,2,container-with-usernetes,7,2097152.0,170.08,2
791,2,container-with-usernetes,7,4194304.0,264.36,2
792,2,container-with-usernetes,14,0.0,12.95,2
793,2,container-with-usernetes,14,1.0,12.99,2
794,2,container-with-usernetes,14,2.0,12.98,2
795,2,container-with-usernetes,14,4.0,12.96,2
796,2,container-with-usernetes,14,8.0,13.27,2
797,2,container-with-usernetes,14,16.0,13.28,2
798,2,container-with-usernetes,14,32.0,13.32,2
799,2,container-with-usernetes,14,64.0,13.42,2
800,2,container-with-usernetes,14,128.0,13.44,2
801,2,container-with-usernetes,14,256.0,13.46,2
802,2,container-with-usernetes,14,512.0,13.53,2
803,2,container-with-usernetes,14,1024.0,13.65,2
804,2,container-with-usernetes,14,2048.0,13.99,2
805,2,container-with-usernetes,14,4096.0,14.88,2
806,2,container-with-usernetes,14,8192.0,16.79,2
807,2,container-with-usernetes,14,16384.0,17.42,2
808,2,container-with-usernetes,14,32768.0,18.61,2
809,2,container-with-usernetes,14,65536.0,21.02,2
810,2,container-with-usernetes,14,131072.0,54.12,2
811,2,container-with-usernetes,14,262144.0,64.26,2
812,2,container-with-usernetes,14,524288.0,113.94,2
813,2,container-with-usernetes,14,1048576.0,96.11,2
814,2,container-with-usernetes,14,2097152.0,170.4,2
815,2,container-with-usernetes,14,4194304.0,267.29,2
816,2,container-with-usernetes,19,0.0,12.98,2
817,2,container-with-usernetes,19,1.0,13.01,2
818,2,container-with-usernetes,19,2.0,12.99,2
819,2,container-with-usernetes,19,4.0,12.99,2
820,2,container-with-usernetes,19,8.0,13.3,2
821,2,container-with-usernetes,19,16.0,13.31,2
822,2,container-with-usernetes,19,32.0,13.32,2
823,2,container-with-usernetes,19,64.0,13.46,2
824,2,container-with-usernetes,19,128.0,13.47,2
825,2,container-with-usernetes,19,256.0,13.49,2
826,2,container-with-usernetes,19,512.0,13.55,2
827,2,container-with-usernetes,19,1024.0,13.69,2
828,2,container-with-usernetes,19,2048.0,14.02,2
829,2,container-with-usernetes,19,4096.0,14.91,2
830,2,container-with-usernetes,19,8192.0,16.8,2
831,2,container-with-usernetes,19,16384.0,17.49,2
832,2,container-with-usernetes,19,32768.0,18.78,2
833,2,container-with-usernetes,19,65536.0,21.3,2
834,2,container-with-usernetes,19,131072.0,54.2,2
835,2,container-with-usernetes,19,262144.0,64.31,2
836,2,container-with-usernetes,19,524288.0,113.65,2
837,2,container-with-usernetes,19,1048576.0,95.91,2
838,2,container-with-usernetes,19,2097152.0,170.24,2
839,2,container-with-usernetes,19,4194304.0,266.35,2
840,2,container-with-usernetes,10,0.0,12.97,2
841,2,container-with-usernetes,10,1.0,13.0,2
842,2,container-with-usernetes,10,2.0,12.98,2
843,2,container-with-usernetes,10,4.0,13.0,2
844,2,container-with-usernetes,10,8.0,13.29,2
845,2,container-with-usernetes,10,16.0,13.3,2
846,2,container-with-usernetes,10,32.0,13.31,2
847,2,container-with-usernetes,10,64.0,13.43,2
848,2,container-with-usernetes,10,128.0,13.43,2
849,2,container-with-usernetes,10,256.0,13.46,2
850,2,container-with-usernetes,10,512.0,13.52,2
851,2,container-with-usernetes,10,1024.0,13.65,2
852,2,container-with-usernetes,10,2048.0,14.02,2
853,2,container-with-usernetes,10,4096.0,14.94,2
854,2,container-with-usernetes,10,8192.0,16.82,2
855,2,container-with-usernetes,10,16384.0,17.48,2
856,2,container-with-usernetes,10,32768.0,18.73,2
857,2,container-with-usernetes,10,65536.0,21.22,2
858,2,container-with-usernetes,10,131072.0,54.2,2
859,2,container-with-usernetes,10,262144.0,64.42,2
860,2,container-with-usernetes,10,524288.0,113.92,2
861,2,container-with-usernetes,10,1048576.0,95.92,2
862,2,container-with-usernetes,10,2097152.0,170.18,2
863,2,container-with-usernetes,10,4194304.0,266.86,2
864,2,container-with-usernetes,4,0.0,13.0,2
865,2,container-with-usernetes,4,1.0,13.03,2
866,2,container-with-usernetes,4,2.0,13.0,2
867,2,container-with-usernetes,4,4.0,13.03,2
868,2,container-with-usernetes,4,8.0,13.33,2
869,2,container-with-usernetes,4,16.0,13.34,2
870,2,container-with-usernetes,4,32.0,13.36,2
871,2,container-with-usernetes,4,64.0,13.49,2
872,2,container-with-usernetes,4,128.0,13.49,2
873,2,container-with-usernetes,4,256.0,13.52,2
874,2,container-with-usernetes,4,512.0,13.59,2
875,2,container-with-usernetes,4,1024.0,13.72,2
876,2,container-with-usernetes,4,2048.0,14.04,2
877,2,container-with-usernetes,4,4096.0,14.99,2
878,2,container-with-usernetes,4,8192.0,16.86,2
879,2,container-with-usernetes,4,16384.0,17.52,2
880,2,container-with-usernetes,4,32768.0,18.73,2
881,2,container-with-usernetes,4,65536.0,21.37,2
882,2,container-with-usernetes,4,131072.0,54.37,2
883,2,container-with-usernetes,4,262144.0,64.42,2
884,2,container-with-usernetes,4,524288.0,114.13,2
885,2,container-with-usernetes,4,1048576.0,95.85,2
886,2,container-with-usernetes,4,2097152.0,169.29,2
887,2,container-with-usernetes,4,4194304.0,267.92,2
888,2,container-with-usernetes,18,0.0,13.0,2
889,2,container-with-usernetes,18,1.0,13.04,2
890,2,container-with-usernetes,18,2.0,13.01,2
891,2,container-with-usernetes,18,4.0,13.01,2
892,2,container-with-usernetes,18,8.0,13.32,2
893,2,container-with-usernetes,18,16.0,13.33,2
894,2,container-with-usernetes,18,32.0,13.35,2
895,2,container-with-usernetes,18,64.0,13.48,2
896,2,container-with-usernetes,18,128.0,13.5,2
897,2,container-with-usernetes,18,256.0,13.52,2
898,2,container-with-usernetes,18,512.0,13.59,2
899,2,container-with-usernetes,18,1024.0,13.7,2
900,2,container-with-usernetes,18,2048.0,14.06,2
901,2,container-with-usernetes,18,4096.0,14.98,2
902,2,container-with-usernetes,18,8192.0,16.86,2
903,2,container-with-usernetes,18,16384.0,17.47,2
904,2,container-with-usernetes,18,32768.0,18.8,2
905,2,container-with-usernetes,18,65536.0,21.25,2
906,2,container-with-usernetes,18,131072.0,54.45,2
907,2,container-with-usernetes,18,262144.0,64.52,2
908,2,container-with-usernetes,18,524288.0,114.24,2
909,2,container-with-usernetes,18,1048576.0,96.07,2
910,2,container-with-usernetes,18,2097152.0,170.15,2
911,2,container-with-usernetes,18,4194304.0,266.64,2
912,2,container-with-usernetes,16,0.0,13.0,2
913,2,container-with-usernetes,16,1.0,13.03,2
914,2,container-with-usernetes,16,2.0,13.0,2
915,2,container-with-usernetes,16,4.0,13.01,2
916,2,container-with-usernetes,16,8.0,13.31,2
917,2,container-with-usernetes,16,16.0,13.32,2
918,2,container-with-usernetes,16,32.0,13.34,2
919,2,container-with-usernetes,16,64.0,13.45,2
920,2,container-with-usernetes,16,128.0,13.47,2
921,2,container-with-usernetes,16,256.0,13.49,2
922,2,container-with-usernetes,16,512.0,13.53,2
923,2,container-with-usernetes,16,1024.0,13.68,2
924,2,container-with-usernetes,16,2048.0,14.04,2
925,2,container-with-usernetes,16,4096.0,15.03,2
926,2,container-with-usernetes,16,8192.0,16.86,2
927,2,container-with-usernetes,16,16384.0,17.48,2
928,2,container-with-usernetes,16,32768.0,18.7,2
929,2,container-with-usernetes,16,65536.0,21.18,2
930,2,container-with-usernetes,16,131072.0,54.48,2
931,2,container-with-usernetes,16,262144.0,64.54,2
932,2,container-with-usernetes,16,524288.0,114.18,2
933,2,container-with-usernetes,16,1048576.0,96.22,2
934,2,container-with-usernetes,16,2097152.0,169.24,2
935,2,container-with-usernetes,16,4194304.0,268.23,2
936,2,container-with-usernetes,1,0.0,12.96,2
937,2,container-with-usernetes,1,1.0,12.99,2
938,2,container-with-usernetes,1,2.0,12.97,2
939,2,container-with-usernetes,1,4.0,12.98,2
940,2,container-with-usernetes,1,8.0,13.28,2
941,2,container-with-usernetes,1,16.0,13.31,2
942,2,container-with-usernetes,1,32.0,13.31,2
943,2,container-with-usernetes,1,64.0,13.45,2
944,2,container-with-usernetes,1,128.0,13.44,2
945,2,container-with-usernetes,1,256.0,13.49,2
946,2,container-with-usernetes,1,512.0,13.54,2
947,2,container-with-usernetes,1,1024.0,13.68,2
948,2,container-with-usernetes,1,2048.0,14.02,2
949,2,container-with-usernetes,1,4096.0,14.92,2
950,2,container-with-usernetes,1,8192.0,16.79,2
951,2,container-with-usernetes,1,16384.0,17.47,2
952,2,container-with-usernetes,1,32768.0,18.68,2
953,2,container-with-usernetes,1,65536.0,21.16,2
954,2,container-with-usernetes,1,131072.0,54.35,2
955,2,container-with-usernetes,1,262144.0,64.33,2
956,2,container-with-usernetes,1,524288.0,114.03,2
957,2,container-with-usernetes,1,1048576.0,96.05,2
958,2,container-with-usernetes,1,2097152.0,170.48,2
959,2,container-with-usernetes,1,4194304.0,265.56,2
960,2,bare-metal-with-usernetes,9,0.0,12.96,2
961,2,bare-metal-with-usernetes,9,1.0,12.99,2
962,2,bare-metal-with-usernetes,9,2.0,12.97,2
963,2,bare-metal-with-usernetes,9,4.0,12.99,2
964,2,bare-metal-with-usernetes,9,8.0,13.27,2
965,2,bare-metal-with-usernetes,9,16.0,13.29,2
966,2,bare-metal-with-usernetes,9,32.0,13.29,2
967,2,bare-metal-with-usernetes,9,64.0,13.44,2
968,2,bare-metal-with-usernetes,9,128.0,13.44,2
969,2,bare-metal-with-usernetes,9,256.0,13.47,2
970,2,bare-metal-with-usernetes,9,512.0,13.52,2
971,2,bare-metal-with-usernetes,9,1024.0,13.65,2
972,2,bare-metal-with-usernetes,9,2048.0,14.01,2
973,2,bare-metal-with-usernetes,9,4096.0,14.93,2
974,2,bare-metal-with-usernetes,9,8192.0,16.82,2
975,2,bare-metal-with-usernetes,9,16384.0,17.45,2
976,2,bare-metal-with-usernetes,9,32768.0,18.74,2
977,2,bare-metal-with-usernetes,9,65536.0,21.28,2
978,2,bare-metal-with-usernetes,9,131072.0,54.26,2
979,2,bare-metal-with-usernetes,9,262144.0,64.38,2
980,2,bare-metal-with-usernetes,9,524288.0,113.93,2
981,2,bare-metal-with-usernetes,9,1048576.0,96.03,2
982,2,bare-metal-with-usernetes,9,2097152.0,171.38,2
983,2,bare-metal-with-usernetes,9,4194304.0,266.41,2
984,2,bare-metal-with-usernetes,5,0.0,12.96,2
985,2,bare-metal-with-usernetes,5,1.0,12.98,2
986,2,bare-metal-with-usernetes,5,2.0,12.97,2
987,2,bare-metal-with-usernetes,5,4.0,12.97,2
988,2,bare-metal-with-usernetes,5,8.0,13.27,2
989,2,bare-metal-with-usernetes,5,16.0,13.29,2
990,2,bare-metal-with-usernetes,5,32.0,13.3,2
991,2,bare-metal-with-usernetes,5,64.0,13.43,2
992,2,bare-metal-with-usernetes,5,128.0,13.45,2
993,2,bare-metal-with-usernetes,5,256.0,13.48,2
994,2,bare-metal-with-usernetes,5,512.0,13.55,2
995,2,bare-metal-with-usernetes,5,1024.0,13.66,2
996,2,bare-metal-with-usernetes,5,2048.0,14.0,2
997,2,bare-metal-with-usernetes,5,4096.0,14.93,2
998,2,bare-metal-with-usernetes,5,8192.0,16.79,2
999,2,bare-metal-with-usernetes,5,16384.0,17.47,2
1000,2,bare-metal-with-usernetes,5,32768.0,18.72,2
1001,2,bare-metal-with-usernetes,5,65536.0,21.23,2
1002,2,bare-metal-with-usernetes,5,131072.0,54.35,2
1003,2,bare-metal-with-usernetes,5,262144.0,64.42,2
1004,2,bare-metal-with-usernetes,5,524288.0,114.05,2
1005,2,bare-metal-with-usernetes,5,1048576.0,96.04,2
1006,2,bare-metal-with-usernetes,5,2097152.0,170.67,2
1007,2,bare-metal-with-usernetes,5,4194304.0,262.73,2
1008,2,bare-metal-with-usernetes,11,0.0,12.97,2
1009,2,bare-metal-with-usernetes,11,1.0,13.02,2
1010,2,bare-metal-with-usernetes,11,2.0,12.99,2
1011,2,bare-metal-with-usernetes,11,4.0,13.0,2
1012,2,bare-metal-with-usernetes,11,8.0,13.31,2
1013,2,bare-metal-with-usernetes,11,16.0,13.31,2
1014,2,bare-metal-with-usernetes,11,32.0,13.32,2
1015,2,bare-metal-with-usernetes,11,64.0,13.45,2
1016,2,bare-metal-with-usernetes,11,128.0,13.45,2
1017,2,bare-metal-with-usernetes,11,256.0,13.48,2
1018,2,bare-metal-with-usernetes,11,512.0,13.55,2
1019,2,bare-metal-with-usernetes,11,1024.0,13.68,2
1020,2,bare-metal-with-usernetes,11,2048.0,14.03,2
1021,2,bare-metal-with-usernetes,11,4096.0,14.95,2
1022,2,bare-metal-with-usernetes,11,8192.0,16.83,2
1023,2,bare-metal-with-usernetes,11,16384.0,17.48,2
1024,2,bare-metal-with-usernetes,11,32768.0,18.71,2
1025,2,bare-metal-with-usernetes,11,65536.0,21.34,2
1026,2,bare-metal-with-usernetes,11,131072.0,54.49,2
1027,2,bare-metal-with-usernetes,11,262144.0,64.66,2
1028,2,bare-metal-with-usernetes,11,524288.0,114.41,2
1029,2,bare-metal-with-usernetes,11,1048576.0,96.09,2
1030,2,bare-metal-with-usernetes,11,2097152.0,170.46,2
1031,2,bare-metal-with-usernetes,11,4194304.0,260.34,2
1032,2,bare-metal-with-usernetes,15,0.0,12.98,2
1033,2,bare-metal-with-usernetes,15,1.0,13.02,2
1034,2,bare-metal-with-usernetes,15,2.0,13.0,2
1035,2,bare-metal-with-usernetes,15,4.0,12.99,2
1036,2,bare-metal-with-usernetes,15,8.0,13.32,2
1037,2,bare-metal-with-usernetes,15,16.0,13.31,2
1038,2,bare-metal-with-usernetes,15,32.0,13.33,2
1039,2,bare-metal-with-usernetes,15,64.0,13.46,2
1040,2,bare-metal-with-usernetes,15,128.0,13.49,2
1041,2,bare-metal-with-usernetes,15,256.0,13.5,2
1042,2,bare-metal-with-usernetes,15,512.0,13.56,2
1043,2,bare-metal-with-usernetes,15,1024.0,13.68,2
1044,2,bare-metal-with-usernetes,15,2048.0,14.03,2
1045,2,bare-metal-with-usernetes,15,4096.0,14.93,2
1046,2,bare-metal-with-usernetes,15,8192.0,16.82,2
1047,2,bare-metal-with-usernetes,15,16384.0,17.41,2
1048,2,bare-metal-with-usernetes,15,32768.0,18.73,2
1049,2,bare-metal-with-usernetes,15,65536.0,21.28,2
1050,2,bare-metal-with-usernetes,15,131072.0,54.51,2
1051,2,bare-metal-with-usernetes,15,262144.0,64.66,2
1052,2,bare-metal-with-usernetes,15,524288.0,114.11,2
1053,2,bare-metal-with-usernetes,15,1048576.0,95.78,2
1054,2,bare-metal-with-usernetes,15,2097152.0,169.38,2
1055,2,bare-metal-with-usernetes,15,4194304.0,264.12,2
1056,2,bare-metal-with-usernetes,2,0.0,13.0,2
1057,2,bare-metal-with-usernetes,2,1.0,13.01,2
1058,2,bare-metal-with-usernetes,2,2.0,13.0,2
1059,2,bare-metal-with-usernetes,2,4.0,12.99,2
1060,2,bare-metal-with-usernetes,2,8.0,13.3,2
1061,2,bare-metal-with-usernetes,2,16.0,13.3,2
1062,2,bare-metal-with-usernetes,2,32.0,13.33,2
1063,2,bare-metal-with-usernetes,2,64.0,13.43,2
1064,2,bare-metal-with-usernetes,2,128.0,13.44,2
1065,2,bare-metal-with-usernetes,2,256.0,13.48,2
1066,2,bare-metal-with-usernetes,2,512.0,13.51,2
1067,2,bare-metal-with-usernetes,2,1024.0,13.65,2
1068,2,bare-metal-with-usernetes,2,2048.0,14.01,2
1069,2,bare-metal-with-usernetes,2,4096.0,15.0,2
1070,2,bare-metal-with-usernetes,2,8192.0,16.87,2
1071,2,bare-metal-with-usernetes,2,16384.0,17.45,2
1072,2,bare-metal-with-usernetes,2,32768.0,18.64,2
1073,2,bare-metal-with-usernetes,2,65536.0,21.18,2
1074,2,bare-metal-with-usernetes,2,131072.0,54.39,2
1075,2,bare-metal-with-usernetes,2,262144.0,64.36,2
1076,2,bare-metal-with-usernetes,2,524288.0,114.06,2
1077,2,bare-metal-with-usernetes,2,1048576.0,96.17,2
1078,2,bare-metal-with-usernetes,2,2097152.0,170.62,2
1079,2,bare-metal-with-usernetes,2,4194304.0,261.16,2
1080,2,bare-metal-with-usernetes,20,0.0,12.95,2
1081,2,bare-metal-with-usernetes,20,1.0,12.99,2
1082,2,bare-metal-with-usernetes,20,2.0,12.97,2
1083,2,bare-metal-with-usernetes,20,4.0,12.98,2
1084,2,bare-metal-with-usernetes,20,8.0,13.27,2
1085,2,bare-metal-with-usernetes,20,16.0,13.29,2
1086,2,bare-metal-with-usernetes,20,32.0,13.3,2
1087,2,bare-metal-with-usernetes,20,64.0,13.43,2
1088,2,bare-metal-with-usernetes,20,128.0,13.44,2
1089,2,bare-metal-with-usernetes,20,256.0,13.46,2
1090,2,bare-metal-with-usernetes,20,512.0,13.54,2
1091,2,bare-metal-with-usernetes,20,1024.0,13.66,2
1092,2,bare-metal-with-usernetes,20,2048.0,14.01,2
1093,2,bare-metal-with-usernetes,20,4096.0,14.93,2
1094,2,bare-metal-with-usernetes,20,8192.0,16.79,2
1095,2,bare-metal-with-usernetes,20,16384.0,17.46,2
1096,2,bare-metal-with-usernetes,20,32768.0,18.69,2
1097,2,bare-metal-with-usernetes,20,65536.0,21.25,2
1098,2,bare-metal-with-usernetes,20,131072.0,54.2,2
1099,2,bare-metal-with-usernetes,20,262144.0,64.46,2
1100,2,bare-metal-with-usernetes,20,524288.0,113.95,2
1101,2,bare-metal-with-usernetes,20,1048576.0,95.95,2
1102,2,bare-metal-with-usernetes,20,2097152.0,169.48,2
1103,2,bare-metal-with-usernetes,20,4194304.0,266.32,2
1104,2,bare-metal-with-usernetes,3,0.0,12.97,2
1105,2,bare-metal-with-usernetes,3,1.0,13.0,2
1106,2,bare-metal-with-usernetes,3,2.0,12.99,2
1107,2,bare-metal-with-usernetes,3,4.0,12.98,2
1108,2,bare-metal-with-usernetes,3,8.0,13.28,2
1109,2,bare-metal-with-usernetes,3,16.0,13.3,2
1110,2,bare-metal-with-usernetes,3,32.0,13.32,2
1111,2,bare-metal-with-usernetes,3,64.0,13.45,2
1112,2,bare-metal-with-usernetes,3,128.0,13.45,2
1113,2,bare-metal-with-usernetes,3,256.0,13.48,2
1114,2,bare-metal-with-usernetes,3,512.0,13.54,2
1115,2,bare-metal-with-usernetes,3,1024.0,13.67,2
1116,2,bare-metal-with-usernetes,3,2048.0,14.01,2
1117,2,bare-metal-with-usernetes,3,4096.0,14.97,2
1118,2,bare-metal-with-usernetes,3,8192.0,16.82,2
1119,2,bare-metal-with-usernetes,3,16384.0,17.46,2
1120,2,bare-metal-with-usernetes,3,32768.0,18.67,2
1121,2,bare-metal-with-usernetes,3,65536.0,21.22,2
1122,2,bare-metal-with-usernetes,3,131072.0,54.27,2
1123,2,bare-metal-with-usernetes,3,262144.0,64.33,2
1124,2,bare-metal-with-usernetes,3,524288.0,113.98,2
1125,2,bare-metal-with-usernetes,3,1048576.0,96.08,2
1126,2,bare-metal-with-usernetes,3,2097152.0,169.62,2
1127,2,bare-metal-with-usernetes,3,4194304.0,262.35,2
1128,2,bare-metal-with-usernetes,8,0.0,12.99,2
1129,2,bare-metal-with-usernetes,8,1.0,13.02,2
1130,2,bare-metal-with-usernetes,8,2.0,13.0,2
1131,2,bare-metal-with-usernetes,8,4.0,13.0,2
1132,2,bare-metal-with-usernetes,8,8.0,13.3,2
1133,2,bare-metal-with-usernetes,8,16.0,13.31,2
1134,2,bare-metal-with-usernetes,8,32.0,13.33,2
1135,2,bare-metal-with-usernetes,8,64.0,13.46,2
1136,2,bare-metal-with-usernetes,8,128.0,13.46,2
1137,2,bare-metal-with-usernetes,8,256.0,13.49,2
1138,2,bare-metal-with-usernetes,8,512.0,13.55,2
1139,2,bare-metal-with-usernetes,8,1024.0,13.7,2
1140,2,bare-metal-with-usernetes,8,2048.0,14.03,2
1141,2,bare-metal-with-usernetes,8,4096.0,14.92,2
1142,2,bare-metal-with-usernetes,8,8192.0,16.8,2
1143,2,bare-metal-with-usernetes,8,16384.0,17.43,2
1144,2,bare-metal-with-usernetes,8,32768.0,18.64,2
1145,2,bare-metal-with-usernetes,8,65536.0,21.11,2
1146,2,bare-metal-with-usernetes,8,131072.0,54.3,2
1147,2,bare-metal-with-usernetes,8,262144.0,64.32,2
1148,2,bare-metal-with-usernetes,8,524288.0,113.74,2
1149,2,bare-metal-with-usernetes,8,1048576.0,95.95,2
1150,2,bare-metal-with-usernetes,8,2097152.0,169.34,2
1151,2,bare-metal-with-usernetes,8,4194304.0,268.13,2
1152,2,bare-metal-with-usernetes,13,0.0,13.01,2
1153,2,bare-metal-with-usernetes,13,1.0,13.03,2
1154,2,bare-metal-with-usernetes,13,2.0,13.02,2
1155,2,bare-metal-with-usernetes,13,4.0,13.01,2
1156,2,bare-metal-with-usernetes,13,8.0,13.33,2
1157,2,bare-metal-with-usernetes,13,16.0,13.33,2
1158,2,bare-metal-with-usernetes,13,32.0,13.35,2
1159,2,bare-metal-with-usernetes,13,64.0,13.49,2
1160,2,bare-metal-with-usernetes,13,128.0,13.48,2
1161,2,bare-metal-with-usernetes,13,256.0,13.52,2
1162,2,bare-metal-with-usernetes,13,512.0,13.56,2
1163,2,bare-metal-with-usernetes,13,1024.0,13.72,2
1164,2,bare-metal-with-usernetes,13,2048.0,14.05,2
1165,2,bare-metal-with-usernetes,13,4096.0,14.99,2
1166,2,bare-metal-with-usernetes,13,8192.0,16.83,2
1167,2,bare-metal-with-usernetes,13,16384.0,17.51,2
1168,2,bare-metal-with-usernetes,13,32768.0,18.71,2
1169,2,bare-metal-with-usernetes,13,65536.0,21.21,2
1170,2,bare-metal-with-usernetes,13,131072.0,54.38,2
1171,2,bare-metal-with-usernetes,13,262144.0,64.64,2
1172,2,bare-metal-with-usernetes,13,524288.0,114.37,2
1173,2,bare-metal-with-usernetes,13,1048576.0,95.92,2
1174,2,bare-metal-with-usernetes,13,2097152.0,169.82,2
1175,2,bare-metal-with-usernetes,13,4194304.0,264.52,2
1176,2,bare-metal-with-usernetes,6,0.0,12.97,2
1177,2,bare-metal-with-usernetes,6,1.0,13.0,2
1178,2,bare-metal-with-usernetes,6,2.0,12.98,2
1179,2,bare-metal-with-usernetes,6,4.0,12.99,2
1180,2,bare-metal-with-usernetes,6,8.0,13.29,2
1181,2,bare-metal-with-usernetes,6,16.0,13.3,2
1182,2,bare-metal-with-usernetes,6,32.0,13.32,2
1183,2,bare-metal-with-usernetes,6,64.0,13.44,2
1184,2,bare-metal-with-usernetes,6,128.0,13.46,2
1185,2,bare-metal-with-usernetes,6,256.0,13.48,2
1186,2,bare-metal-with-usernetes,6,512.0,13.55,2
1187,2,bare-metal-with-usernetes,6,1024.0,13.67,2
1188,2,bare-metal-with-usernetes,6,2048.0,14.01,2
1189,2,bare-metal-with-usernetes,6,4096.0,14.93,2
1190,2,bare-metal-with-usernetes,6,8192.0,16.83,2
1191,2,bare-metal-with-usernetes,6,16384.0,17.45,2
1192,2,bare-metal-with-usernetes,6,32768.0,18.69,2
1193,2,bare-metal-with-usernetes,6,65536.0,21.32,2
1194,2,bare-metal-with-usernetes,6,131072.0,54.4,2
1195,2,bare-metal-with-usernetes,6,262144.0,64.42,2
1196,2,bare-metal-with-usernetes,6,524288.0,114.04,2
1197,2,bare-metal-with-usernetes,6,1048576.0,95.92,2
1198,2,bare-metal-with-usernetes,6,2097152.0,169.47,2
1199,2,bare-metal-with-usernetes,6,4194304.0,267.34,2
1200,2,bare-metal-with-usernetes,12,0.0,12.98,2
1201,2,bare-metal-with-usernetes,12,1.0,13.0,2
1202,2,bare-metal-with-usernetes,12,2.0,12.97,2
1203,2,bare-metal-with-usernetes,12,4.0,12.98,2
1204,2,bare-metal-with-usernetes,12,8.0,13.28,2
1205,2,bare-metal-with-usernetes,12,16.0,13.28,2
1206,2,bare-metal-with-usernetes,12,32.0,13.31,2
1207,2,bare-metal-with-usernetes,12,64.0,13.41,2
1208,2,bare-metal-with-usernetes,12,128.0,13.43,2
1209,2,bare-metal-with-usernetes,12,256.0,13.45,2
1210,2,bare-metal-with-usernetes,12,512.0,13.5,2
1211,2,bare-metal-with-usernetes,12,1024.0,13.64,2
1212,2,bare-metal-with-usernetes,12,2048.0,14.0,2
1213,2,bare-metal-with-usernetes,12,4096.0,14.96,2
1214,2,bare-metal-with-usernetes,12,8192.0,16.81,2
1215,2,bare-metal-with-usernetes,12,16384.0,17.49,2
1216,2,bare-metal-with-usernetes,12,32768.0,18.66,2
1217,2,bare-metal-with-usernetes,12,65536.0,21.26,2
1218,2,bare-metal-with-usernetes,12,131072.0,54.25,2
1219,2,bare-metal-with-usernetes,12,262144.0,64.39,2
1220,2,bare-metal-with-usernetes,12,524288.0,114.09,2
1221,2,bare-metal-with-usernetes,12,1048576.0,95.86,2
1222,2,bare-metal-with-usernetes,12,2097152.0,170.71,2
1223,2,bare-metal-with-usernetes,12,4194304.0,267.37,2
1224,2,bare-metal-with-usernetes,17,0.0,12.97,2
1225,2,bare-metal-with-usernetes,17,1.0,13.0,2
1226,2,bare-metal-with-usernetes,17,2.0,12.97,2
1227,2,bare-metal-with-usernetes,17,4.0,12.98,2
1228,2,bare-metal-with-usernetes,17,8.0,13.28,2
1229,2,bare-metal-with-usernetes,17,16.0,13.3,2
1230,2,bare-metal-with-usernetes,17,32.0,13.31,2
1231,2,bare-metal-with-usernetes,17,64.0,13.46,2
1232,2,bare-metal-with-usernetes,17,128.0,13.46,2
1233,2,bare-metal-with-usernetes,17,256.0,13.48,2
1234,2,bare-metal-with-usernetes,17,512.0,13.54,2
1235,2,bare-metal-with-usernetes,17,1024.0,13.68,2
1236,2,bare-metal-with-usernetes,17,2048.0,14.01,2
1237,2,bare-metal-with-usernetes,17,4096.0,14.89,2
1238,2,bare-metal-with-usernetes,17,8192.0,16.84,2
1239,2,bare-metal-with-usernetes,17,16384.0,17.43,2
1240,2,bare-metal-with-usernetes,17,32768.0,18.64,2
1241,2,bare-metal-with-usernetes,17,65536.0,21.18,2
1242,2,bare-metal-with-usernetes,17,131072.0,54.36,2
1243,2,bare-metal-with-usernetes,17,262144.0,64.41,2
1244,2,bare-metal-with-usernetes,17,524288.0,114.13,2
1245,2,bare-metal-with-usernetes,17,1048576.0,96.07,2
1246,2,bare-metal-with-usernetes,17,2097152.0,169.27,2
1247,2,bare-metal-with-usernetes,17,4194304.0,265.22,2
1248,2,bare-metal-with-usernetes,7,0.0,12.99,2
1249,2,bare-metal-with-usernetes,7,1.0,13.02,2
1250,2,bare-metal-with-usernetes,7,2.0,13.0,2
1251,2,bare-metal-with-usernetes,7,4.0,12.99,2
1252,2,bare-metal-with-usernetes,7,8.0,13.29,2
1253,2,bare-metal-with-usernetes,7,16.0,13.3,2
1254,2,bare-metal-with-usernetes,7,32.0,13.32,2
1255,2,bare-metal-with-usernetes,7,64.0,13.46,2
1256,2,bare-metal-with-usernetes,7,128.0,13.46,2
1257,2,bare-metal-with-usernetes,7,256.0,13.49,2
1258,2,bare-metal-with-usernetes,7,512.0,13.56,2
1259,2,bare-metal-with-usernetes,7,1024.0,13.68,2
1260,2,bare-metal-with-usernetes,7,2048.0,14.02,2
1261,2,bare-metal-with-usernetes,7,4096.0,14.95,2
1262,2,bare-metal-with-usernetes,7,8192.0,16.81,2
1263,2,bare-metal-with-usernetes,7,16384.0,17.49,2
1264,2,bare-metal-with-usernetes,7,32768.0,18.75,2
1265,2,bare-metal-with-usernetes,7,65536.0,21.26,2
1266,2,bare-metal-with-usernetes,7,131072.0,54.18,2
1267,2,bare-metal-with-usernetes,7,262144.0,64.43,2
1268,2,bare-metal-with-usernetes,7,524288.0,113.96,2
1269,2,bare-metal-with-usernetes,7,1048576.0,96.02,2
1270,2,bare-metal-with-usernetes,7,2097152.0,172.0,2
1271,2,bare-metal-with-usernetes,7,4194304.0,265.61,2
1272,2,bare-metal-with-usernetes,14,0.0,12.96,2
1273,2,bare-metal-with-usernetes,14,1.0,13.0,2
1274,2,bare-metal-with-usernetes,14,2.0,12.98,2
1275,2,bare-metal-with-usernetes,14,4.0,12.98,2
1276,2,bare-metal-with-usernetes,14,8.0,13.29,2
1277,2,bare-metal-with-usernetes,14,16.0,13.28,2
1278,2,bare-metal-with-usernetes,14,32.0,13.32,2
1279,2,bare-metal-with-usernetes,14,64.0,13.43,2
1280,2,bare-metal-with-usernetes,14,128.0,13.46,2
1281,2,bare-metal-with-usernetes,14,256.0,13.47,2
1282,2,bare-metal-with-usernetes,14,512.0,13.52,2
1283,2,bare-metal-with-usernetes,14,1024.0,13.66,2
1284,2,bare-metal-with-usernetes,14,2048.0,13.99,2
1285,2,bare-metal-with-usernetes,14,4096.0,14.93,2
1286,2,bare-metal-with-usernetes,14,8192.0,16.8,2
1287,2,bare-metal-with-usernetes,14,16384.0,17.49,2
1288,2,bare-metal-with-usernetes,14,32768.0,18.68,2
1289,2,bare-metal-with-usernetes,14,65536.0,21.31,2
1290,2,bare-metal-with-usernetes,14,131072.0,54.24,2
1291,2,bare-metal-with-usernetes,14,262144.0,64.25,2
1292,2,bare-metal-with-usernetes,14,524288.0,113.76,2
1293,2,bare-metal-with-usernetes,14,1048576.0,95.88,2
1294,2,bare-metal-with-usernetes,14,2097152.0,169.21,2
1295,2,bare-metal-with-usernetes,14,4194304.0,264.57,2
1296,2,bare-metal-with-usernetes,19,0.0,12.96,2
1297,2,bare-metal-with-usernetes,19,1.0,12.99,2
1298,2,bare-metal-with-usernetes,19,2.0,12.97,2
1299,2,bare-metal-with-usernetes,19,4.0,12.99,2
1300,2,bare-metal-with-usernetes,19,8.0,13.28,2
1301,2,bare-metal-with-usernetes,19,16.0,13.29,2
1302,2,bare-metal-with-usernetes,19,32.0,13.31,2
1303,2,bare-metal-with-usernetes,19,64.0,13.44,2
1304,2,bare-metal-with-usernetes,19,128.0,13.46,2
1305,2,bare-metal-with-usernetes,19,256.0,13.48,2
1306,2,bare-metal-with-usernetes,19,512.0,13.52,2
1307,2,bare-metal-with-usernetes,19,1024.0,13.68,2
1308,2,bare-metal-with-usernetes,19,2048.0,14.0,2
1309,2,bare-metal-with-usernetes,19,4096.0,14.92,2
1310,2,bare-metal-with-usernetes,19,8192.0,16.81,2
1311,2,bare-metal-with-usernetes,19,16384.0,17.43,2
1312,2,bare-metal-with-usernetes,19,32768.0,18.67,2
1313,2,bare-metal-with-usernetes,19,65536.0,21.29,2
1314,2,bare-metal-with-usernetes,19,131072.0,54.24,2
1315,2,bare-metal-with-usernetes,19,262144.0,64.37,2
1316,2,bare-metal-with-usernetes,19,524288.0,113.8,2
1317,2,bare-metal-with-usernetes,19,1048576.0,95.98,2
1318,2,bare-metal-with-usernetes,19,2097152.0,170.34,2
1319,2,bare-metal-with-usernetes,19,4194304.0,266.71,2
1320,2,bare-metal-with-usernetes,10,0.0,12.97,2
1321,2,bare-metal-with-usernetes,10,1.0,13.01,2
1322,2,bare-metal-with-usernetes,10,2.0,12.98,2
1323,2,bare-metal-with-usernetes,10,4.0,12.98,2
1324,2,bare-metal-with-usernetes,10,8.0,13.28,2
1325,2,bare-metal-with-usernetes,10,16.0,13.3,2
1326,2,bare-metal-with-usernetes,10,32.0,13.3,2
1327,2,bare-metal-with-usernetes,10,64.0,13.45,2
1328,2,bare-metal-with-usernetes,10,128.0,13.45,2
1329,2,bare-metal-with-usernetes,10,256.0,13.49,2
1330,2,bare-metal-with-usernetes,10,512.0,13.54,2
1331,2,bare-metal-with-usernetes,10,1024.0,13.67,2
1332,2,bare-metal-with-usernetes,10,2048.0,14.01,2
1333,2,bare-metal-with-usernetes,10,4096.0,14.94,2
1334,2,bare-metal-with-usernetes,10,8192.0,16.79,2
1335,2,bare-metal-with-usernetes,10,16384.0,17.43,2
1336,2,bare-metal-with-usernetes,10,32768.0,18.74,2
1337,2,bare-metal-with-usernetes,10,65536.0,21.27,2
1338,2,bare-metal-with-usernetes,10,131072.0,54.13,2
1339,2,bare-metal-with-usernetes,10,262144.0,64.37,2
1340,2,bare-metal-with-usernetes,10,524288.0,113.93,2
1341,2,bare-metal-with-usernetes,10,1048576.0,96.11,2
1342,2,bare-metal-with-usernetes,10,2097152.0,170.3,2
1343,2,bare-metal-with-usernetes,10,4194304.0,267.05,2
1344,2,bare-metal-with-usernetes,4,0.0,12.97,2
1345,2,bare-metal-with-usernetes,4,1.0,12.99,2
1346,2,bare-metal-with-usernetes,4,2.0,12.98,2
1347,2,bare-metal-with-usernetes,4,4.0,12.99,2
1348,2,bare-metal-with-usernetes,4,8.0,13.28,2
1349,2,bare-metal-with-usernetes,4,16.0,13.28,2
1350,2,bare-metal-with-usernetes,4,32.0,13.3,2
1351,2,bare-metal-with-usernetes,4,64.0,13.44,2
1352,2,bare-metal-with-usernetes,4,128.0,13.45,2
1353,2,bare-metal-with-usernetes,4,256.0,13.47,2
1354,2,bare-metal-with-usernetes,4,512.0,13.53,2
1355,2,bare-metal-with-usernetes,4,1024.0,13.66,2
1356,2,bare-metal-with-usernetes,4,2048.0,14.01,2
1357,2,bare-metal-with-usernetes,4,4096.0,14.91,2
1358,2,bare-metal-with-usernetes,4,8192.0,16.8,2
1359,2,bare-metal-with-usernetes,4,16384.0,17.41,2
1360,2,bare-metal-with-usernetes,4,32768.0,18.7,2
1361,2,bare-metal-with-usernetes,4,65536.0,21.19,2
1362,2,bare-metal-with-usernetes,4,131072.0,54.19,2
1363,2,bare-metal-with-usernetes,4,262144.0,64.31,2
1364,2,bare-metal-with-usernetes,4,524288.0,113.68,2
1365,2,bare-metal-with-usernetes,4,1048576.0,95.9,2
1366,2,bare-metal-with-usernetes,4,2097152.0,169.87,2
1367,2,bare-metal-with-usernetes,4,4194304.0,266.27,2
1368,2,bare-metal-with-usernetes,18,0.0,12.96,2
1369,2,bare-metal-with-usernetes,18,1.0,12.97,2
1370,2,bare-metal-with-usernetes,18,2.0,12.95,2
1371,2,bare-metal-with-usernetes,18,4.0,12.95,2
1372,2,bare-metal-with-usernetes,18,8.0,13.24,2
1373,2,bare-metal-with-usernetes,18,16.0,13.26,2
1374,2,bare-metal-with-usernetes,18,32.0,13.28,2
1375,2,bare-metal-with-usernetes,18,64.0,13.41,2
1376,2,bare-metal-with-usernetes,18,128.0,13.42,2
1377,2,bare-metal-with-usernetes,18,256.0,13.45,2
1378,2,bare-metal-with-usernetes,18,512.0,13.5,2
1379,2,bare-metal-with-usernetes,18,1024.0,13.64,2
1380,2,bare-metal-with-usernetes,18,2048.0,14.01,2
1381,2,bare-metal-with-usernetes,18,4096.0,15.0,2
1382,2,bare-metal-with-usernetes,18,8192.0,16.82,2
1383,2,bare-metal-with-usernetes,18,16384.0,17.41,2
1384,2,bare-metal-with-usernetes,18,32768.0,18.68,2
1385,2,bare-metal-with-usernetes,18,65536.0,21.31,2
1386,2,bare-metal-with-usernetes,18,131072.0,54.36,2
1387,2,bare-metal-with-usernetes,18,262144.0,64.54,2
1388,2,bare-metal-with-usernetes,18,524288.0,114.17,2
1389,2,bare-metal-with-usernetes,18,1048576.0,96.0,2
1390,2,bare-metal-with-usernetes,18,2097152.0,170.7,2
1391,2,bare-metal-with-usernetes,18,4194304.0,264.51,2
1392,2,bare-metal-with-usernetes,16,0.0,12.97,2
1393,2,bare-metal-with-usernetes,16,1.0,12.99,2
1394,2,bare-metal-with-usernetes,16,2.0,12.97,2
1395,2,bare-metal-with-usernetes,16,4.0,12.97,2
1396,2,bare-metal-with-usernetes,16,8.0,13.27,2
1397,2,bare-metal-with-usernetes,16,16.0,13.28,2
1398,2,bare-metal-with-usernetes,16,32.0,13.29,2
1399,2,bare-metal-with-usernetes,16,64.0,13.4,2
1400,2,bare-metal-with-usernetes,16,128.0,13.42,2
1401,2,bare-metal-with-usernetes,16,256.0,13.43,2
1402,2,bare-metal-with-usernetes,16,512.0,13.48,2
1403,2,bare-metal-with-usernetes,16,1024.0,13.62,2
1404,2,bare-metal-with-usernetes,16,2048.0,13.98,2
1405,2,bare-metal-with-usernetes,16,4096.0,14.94,2
1406,2,bare-metal-with-usernetes,16,8192.0,16.81,2
1407,2,bare-metal-with-usernetes,16,16384.0,17.45,2
1408,2,bare-metal-with-usernetes,16,32768.0,18.65,2
1409,2,bare-metal-with-usernetes,16,65536.0,21.27,2
1410,2,bare-metal-with-usernetes,16,131072.0,54.22,2
1411,2,bare-metal-with-usernetes,16,262144.0,64.29,2
1412,2,bare-metal-with-usernetes,16,524288.0,113.81,2
1413,2,bare-metal-with-usernetes,16,1048576.0,96.03,2
1414,2,bare-metal-with-usernetes,16,2097152.0,169.95,2
1415,2,bare-metal-with-usernetes,16,4194304.0,265.49,2
1416,2,bare-metal-with-usernetes,1,0.0,12.97,2
1417,2,bare-metal-with-usernetes,1,1.0,13.01,2
1418,2,bare-metal-with-usernetes,1,2.0,12.98,2
1419,2,bare-metal-with-usernetes,1,4.0,12.97,2
1420,2,bare-metal-with-usernetes,1,8.0,13.29,2
1421,2,bare-metal-with-usernetes,1,16.0,13.29,2
1422,2,bare-metal-with-usernetes,1,32.0,13.31,2
1423,2,bare-metal-with-usernetes,1,64.0,13.45,2
1424,2,bare-metal-with-usernetes,1,128.0,13.46,2
1425,2,bare-metal-with-usernetes,1,256.0,13.47,2
1426,2,bare-metal-with-usernetes,1,512.0,13.55,2
1427,2,bare-metal-with-usernetes,1,1024.0,13.67,2
1428,2,bare-metal-with-usernetes,1,2048.0,14.01,2
1429,2,bare-metal-with-usernetes,1,4096.0,14.96,2
1430,2,bare-metal-with-usernetes,1,8192.0,16.87,2
1431,2,bare-metal-with-usernetes,1,16384.0,17.47,2
1432,2,bare-metal-with-usernetes,1,32768.0,18.7,2
1433,2,bare-metal-with-usernetes,1,65536.0,21.3,2
1434,2,bare-metal-with-usernetes,1,131072.0,54.47,2
1435,2,bare-metal-with-usernetes,1,262144.0,64.47,2
1436,2,bare-metal-with-usernetes,1,524288.0,114.05,2
1437,2,bare-metal-with-usernetes,1,1048576.0,95.89,2
1438,2,bare-metal-with-usernetes,1,2097152.0,170.17,2
1439,2,bare-metal-with-usernetes,1,4194304.0,262.82,2
1440,2,container,9,0.0,12.96,2
1441,2,container,9,1.0,13.0,2
1442,2,container,9,2.0,12.98,2
1443,2,container,9,4.0,12.99,2
1444,2,container,9,8.0,13.3,2
1445,2,container,9,16.0,13.33,2
1446,2,container,9,32.0,13.33,2
1447,2,container,9,64.0,13.47,2
1448,2,container,9,128.0,13.46,2
1449,2,container,9,256.0,13.48,2
1450,2,container,9,512.0,13.55,2
1451,2,container,9,1024.0,13.67,2
1452,2,container,9,2048.0,14.02,2
1453,2,container,9,4096.0,14.95,2
1454,2,container,9,8192.0,16.82,2
1455,2,container,9,16384.0,17.48,2
1456,2,container,9,32768.0,18.68,2
1457,2,container,9,65536.0,21.23,2
1458,2,container,9,131072.0,54.2,2
1459,2,container,9,262144.0,64.24,2
1460,2,container,9,524288.0,114.0,2
1461,2,container,9,1048576.0,96.11,2
1462,2,container,9,2097152.0,170.27,2
1463,2,container,9,4194304.0,266.25,2
1464,2,container,5,0.0,12.93,2
1465,2,container,5,1.0,12.95,2
1466,2,container,5,2.0,12.95,2
1467,2,container,5,4.0,12.95,2
1468,2,container,5,8.0,13.23,2
1469,2,container,5,16.0,13.25,2
1470,2,container,5,32.0,13.27,2
1471,2,container,5,64.0,13.41,2
1472,2,container,5,128.0,13.42,2
1473,2,container,5,256.0,13.44,2
1474,2,container,5,512.0,13.5,2
1475,2,container,5,1024.0,13.65,2
1476,2,container,5,2048.0,14.03,2
1477,2,container,5,4096.0,14.93,2
1478,2,container,5,8192.0,16.76,2
1479,2,container,5,16384.0,17.43,2
1480,2,container,5,32768.0,18.69,2
1481,2,container,5,65536.0,21.08,2
1482,2,container,5,131072.0,54.1,2
1483,2,container,5,262144.0,64.23,2
1484,2,container,5,524288.0,113.42,2
1485,2,container,5,1048576.0,95.83,2
1486,2,container,5,2097152.0,170.61,2
1487,2,container,5,4194304.0,266.13,2
1488,2,container,11,0.0,12.99,2
1489,2,container,11,1.0,13.03,2
1490,2,container,11,2.0,13.01,2
1491,2,container,11,4.0,13.03,2
1492,2,container,11,8.0,13.31,2
1493,2,container,11,16.0,13.33,2
1494,2,container,11,32.0,13.35,2
1495,2,container,11,64.0,13.49,2
1496,2,container,11,128.0,13.51,2
1497,2,container,11,256.0,13.52,2
1498,2,container,11,512.0,13.59,2
1499,2,container,11,1024.0,13.72,2
1500,2,container,11,2048.0,14.07,2
1501,2,container,11,4096.0,14.95,2
1502,2,container,11,8192.0,16.85,2
1503,2,container,11,16384.0,17.51,2
1504,2,container,11,32768.0,18.69,2
1505,2,container,11,65536.0,21.2,2
1506,2,container,11,131072.0,54.3,2
1507,2,container,11,262144.0,64.33,2
1508,2,container,11,524288.0,114.03,2
1509,2,container,11,1048576.0,95.96,2
1510,2,container,11,2097152.0,170.01,2
1511,2,container,11,4194304.0,267.91,2
1512,2,container,15,0.0,13.01,2
1513,2,container,15,1.0,13.02,2
1514,2,container,15,2.0,13.01,2
1515,2,container,15,4.0,13.0,2
1516,2,container,15,8.0,13.31,2
1517,2,container,15,16.0,13.33,2
1518,2,container,15,32.0,13.34,2
1519,2,container,15,64.0,13.46,2
1520,2,container,15,128.0,13.47,2
1521,2,container,15,256.0,13.51,2
1522,2,container,15,512.0,13.54,2
1523,2,container,15,1024.0,13.68,2
1524,2,container,15,2048.0,14.05,2
1525,2,container,15,4096.0,15.03,2
1526,2,container,15,8192.0,16.89,2
1527,2,container,15,16384.0,17.5,2
1528,2,container,15,32768.0,18.74,2
1529,2,container,15,65536.0,21.35,2
1530,2,container,15,131072.0,54.37,2
1531,2,container,15,262144.0,64.47,2
1532,2,container,15,524288.0,114.31,2
1533,2,container,15,1048576.0,96.01,2
1534,2,container,15,2097152.0,169.39,2
1535,2,container,15,4194304.0,264.89,2
1536,2,container,2,0.0,12.99,2
1537,2,container,2,1.0,13.04,2
1538,2,container,2,2.0,13.0,2
1539,2,container,2,4.0,13.01,2
1540,2,container,2,8.0,13.31,2
1541,2,container,2,16.0,13.33,2
1542,2,container,2,32.0,13.34,2
1543,2,container,2,64.0,13.48,2
1544,2,container,2,128.0,13.5,2
1545,2,container,2,256.0,13.51,2
1546,2,container,2,512.0,13.58,2
1547,2,container,2,1024.0,13.71,2
1548,2,container,2,2048.0,14.05,2
1549,2,container,2,4096.0,14.99,2
1550,2,container,2,8192.0,16.85,2
1551,2,container,2,16384.0,17.45,2
1552,2,container,2,32768.0,18.69,2
1553,2,container,2,65536.0,21.3,2
1554,2,container,2,131072.0,54.47,2
1555,2,container,2,262144.0,64.51,2
1556,2,container,2,524288.0,113.88,2
1557,2,container,2,1048576.0,95.89,2
1558,2,container,2,2097152.0,169.5,2
1559,2,container,2,4194304.0,266.17,2
1560,2,container,20,0.0,12.98,2
1561,2,container,20,1.0,13.02,2
1562,2,container,20,2.0,13.01,2
1563,2,container,20,4.0,12.99,2
1564,2,container,20,8.0,13.31,2
1565,2,container,20,16.0,13.32,2
1566,2,container,20,32.0,13.33,2
1567,2,container,20,64.0,13.47,2
1568,2,container,20,128.0,13.48,2
1569,2,container,20,256.0,13.51,2
1570,2,container,20,512.0,13.58,2
1571,2,container,20,1024.0,13.7,2
1572,2,container,20,2048.0,14.03,2
1573,2,container,20,4096.0,14.99,2
1574,2,container,20,8192.0,16.82,2
1575,2,container,20,16384.0,17.46,2
1576,2,container,20,32768.0,18.74,2
1577,2,container,20,65536.0,21.25,2
1578,2,container,20,131072.0,54.41,2
1579,2,container,20,262144.0,64.4,2
1580,2,container,20,524288.0,113.63,2
1581,2,container,20,1048576.0,95.94,2
1582,2,container,20,2097152.0,169.16,2
1583,2,container,20,4194304.0,266.01,2
1584,2,container,3,0.0,12.98,2
1585,2,container,3,1.0,13.01,2
1586,2,container,3,2.0,12.98,2
1587,2,container,3,4.0,13.0,2
1588,2,container,3,8.0,13.3,2
1589,2,container,3,16.0,13.32,2
1590,2,container,3,32.0,13.34,2
1591,2,container,3,64.0,13.47,2
1592,2,container,3,128.0,13.47,2
1593,2,container,3,256.0,13.51,2
1594,2,container,3,512.0,13.56,2
1595,2,container,3,1024.0,13.68,2
1596,2,container,3,2048.0,14.03,2
1597,2,container,3,4096.0,14.96,2
1598,2,container,3,8192.0,16.82,2
1599,2,container,3,16384.0,17.52,2
1600,2,container,3,32768.0,18.67,2
1601,2,container,3,65536.0,21.1,2
1602,2,container,3,131072.0,54.23,2
1603,2,container,3,262144.0,64.33,2
1604,2,container,3,524288.0,113.83,2
1605,2,container,3,1048576.0,96.07,2
1606,2,container,3,2097152.0,170.8,2
1607,2,container,3,4194304.0,268.38,2
1608,2,container,8,0.0,12.97,2
1609,2,container,8,1.0,13.02,2
1610,2,container,8,2.0,13.0,2
1611,2,container,8,4.0,13.0,2
1612,2,container,8,8.0,13.31,2
1613,2,container,8,16.0,13.32,2
1614,2,container,8,32.0,13.34,2
1615,2,container,8,64.0,13.48,2
1616,2,container,8,128.0,13.49,2
1617,2,container,8,256.0,13.5,2
1618,2,container,8,512.0,13.55,2
1619,2,container,8,1024.0,13.7,2
1620,2,container,8,2048.0,14.04,2
1621,2,container,8,4096.0,14.95,2
1622,2,container,8,8192.0,16.84,2
1623,2,container,8,16384.0,17.46,2
1624,2,container,8,32768.0,18.68,2
1625,2,container,8,65536.0,21.3,2
1626,2,container,8,131072.0,54.32,2
1627,2,container,8,262144.0,64.45,2
1628,2,container,8,524288.0,113.81,2
1629,2,container,8,1048576.0,96.01,2
1630,2,container,8,2097152.0,171.22,2
1631,2,container,8,4194304.0,266.78,2
1632,2,container,13,0.0,13.01,2
1633,2,container,13,1.0,13.03,2
1634,2,container,13,2.0,13.01,2
1635,2,container,13,4.0,13.02,2
1636,2,container,13,8.0,13.32,2
1637,2,container,13,16.0,13.33,2
1638,2,container,13,32.0,13.35,2
1639,2,container,13,64.0,13.49,2
1640,2,container,13,128.0,13.48,2
1641,2,container,13,256.0,13.51,2
1642,2,container,13,512.0,13.59,2
1643,2,container,13,1024.0,13.71,2
1644,2,container,13,2048.0,14.06,2
1645,2,container,13,4096.0,14.95,2
1646,2,container,13,8192.0,16.88,2
1647,2,container,13,16384.0,17.5,2
1648,2,container,13,32768.0,18.8,2
1649,2,container,13,65536.0,21.35,2
1650,2,container,13,131072.0,54.41,2
1651,2,container,13,262144.0,64.43,2
1652,2,container,13,524288.0,113.96,2
1653,2,container,13,1048576.0,96.21,2
1654,2,container,13,2097152.0,171.02,2
1655,2,container,13,4194304.0,267.4,2
1656,2,container,6,0.0,12.99,2
1657,2,container,6,1.0,13.02,2
1658,2,container,6,2.0,13.01,2
1659,2,container,6,4.0,13.0,2
1660,2,container,6,8.0,13.31,2
1661,2,container,6,16.0,13.32,2
1662,2,container,6,32.0,13.34,2
1663,2,container,6,64.0,13.47,2
1664,2,container,6,128.0,13.49,2
1665,2,container,6,256.0,13.52,2
1666,2,container,6,512.0,13.57,2
1667,2,container,6,1024.0,13.7,2
1668,2,container,6,2048.0,14.04,2
1669,2,container,6,4096.0,14.97,2
1670,2,container,6,8192.0,16.83,2
1671,2,container,6,16384.0,17.46,2
1672,2,container,6,32768.0,18.69,2
1673,2,container,6,65536.0,21.29,2
1674,2,container,6,131072.0,54.51,2
1675,2,container,6,262144.0,64.61,2
1676,2,container,6,524288.0,114.11,2
1677,2,container,6,1048576.0,95.96,2
1678,2,container,6,2097152.0,169.31,2
1679,2,container,6,4194304.0,265.94,2
1680,2,container,12,0.0,12.99,2
1681,2,container,12,1.0,13.02,2
1682,2,container,12,2.0,13.0,2
1683,2,container,12,4.0,13.0,2
1684,2,container,12,8.0,13.32,2
1685,2,container,12,16.0,13.34,2
1686,2,container,12,32.0,13.33,2
1687,2,container,12,64.0,13.47,2
1688,2,container,12,128.0,13.49,2
1689,2,container,12,256.0,13.53,2
1690,2,container,12,512.0,13.57,2
1691,2,container,12,1024.0,13.71,2
1692,2,container,12,2048.0,14.05,2
1693,2,container,12,4096.0,14.96,2
1694,2,container,12,8192.0,16.84,2
1695,2,container,12,16384.0,17.46,2
1696,2,container,12,32768.0,18.75,2
1697,2,container,12,65536.0,21.29,2
1698,2,container,12,131072.0,54.35,2
1699,2,container,12,262144.0,64.38,2
1700,2,container,12,524288.0,113.82,2
1701,2,container,12,1048576.0,95.96,2
1702,2,container,12,2097152.0,169.74,2
1703,2,container,12,4194304.0,264.67,2
1704,2,container,17,0.0,13.07,2
1705,2,container,17,1.0,13.09,2
1706,2,container,17,2.0,13.09,2
1707,2,container,17,4.0,13.08,2
1708,2,container,17,8.0,13.4,2
1709,2,container,17,16.0,13.41,2
1710,2,container,17,32.0,13.42,2
1711,2,container,17,64.0,13.57,2
1712,2,container,17,128.0,13.57,2
1713,2,container,17,256.0,13.6,2
1714,2,container,17,512.0,13.67,2
1715,2,container,17,1024.0,13.78,2
1716,2,container,17,2048.0,14.12,2
1717,2,container,17,4096.0,15.07,2
1718,2,container,17,8192.0,16.9,2
1719,2,container,17,16384.0,17.54,2
1720,2,container,17,32768.0,18.72,2
1721,2,container,17,65536.0,21.24,2
1722,2,container,17,131072.0,54.35,2
1723,2,container,17,262144.0,64.48,2
1724,2,container,17,524288.0,113.95,2
1725,2,container,17,1048576.0,95.92,2
1726,2,container,17,2097152.0,169.71,2
1727,2,container,17,4194304.0,266.4,2
1728,2,container,7,0.0,12.99,2
1729,2,container,7,1.0,13.01,2
1730,2,container,7,2.0,12.99,2
1731,2,container,7,4.0,13.0,2
1732,2,container,7,8.0,13.31,2
1733,2,container,7,16.0,13.31,2
1734,2,container,7,32.0,13.34,2
1735,2,container,7,64.0,13.47,2
1736,2,container,7,128.0,13.49,2
1737,2,container,7,256.0,13.51,2
1738,2,container,7,512.0,13.59,2
1739,2,container,7,1024.0,13.71,2
1740,2,container,7,2048.0,14.04,2
1741,2,container,7,4096.0,14.96,2
1742,2,container,7,8192.0,16.88,2
1743,2,container,7,16384.0,17.46,2
1744,2,container,7,32768.0,18.66,2
1745,2,container,7,65536.0,21.24,2
1746,2,container,7,131072.0,54.29,2
1747,2,container,7,262144.0,64.36,2
1748,2,container,7,524288.0,114.05,2
1749,2,container,7,1048576.0,96.0,2
1750,2,container,7,2097152.0,170.85,2
1751,2,container,7,4194304.0,266.67,2
1752,2,container,14,0.0,12.99,2
1753,2,container,14,1.0,13.02,2
1754,2,container,14,2.0,13.0,2
1755,2,container,14,4.0,13.0,2
1756,2,container,14,8.0,13.33,2
1757,2,container,14,16.0,13.33,2
1758,2,container,14,32.0,13.34,2
1759,2,container,14,64.0,13.47,2
1760,2,container,14,128.0,13.49,2
1761,2,container,14,256.0,13.52,2
1762,2,container,14,512.0,13.57,2
1763,2,container,14,1024.0,13.7,2
1764,2,container,14,2048.0,14.05,2
1765,2,container,14,4096.0,14.97,2
1766,2,container,14,8192.0,16.84,2
1767,2,container,14,16384.0,17.48,2
1768,2,container,14,32768.0,18.74,2
1769,2,container,14,65536.0,21.31,2
1770,2,container,14,131072.0,54.37,2
1771,2,container,14,262144.0,64.34,2
1772,2,container,14,524288.0,113.79,2
1773,2,container,14,1048576.0,96.33,2
1774,2,container,14,2097152.0,170.64,2
1775,2,container,14,4194304.0,265.77,2
1776,2,container,19,0.0,13.0,2
1777,2,container,19,1.0,13.03,2
1778,2,container,19,2.0,13.0,2
1779,2,container,19,4.0,13.01,2
1780,2,container,19,8.0,13.3,2
1781,2,container,19,16.0,13.32,2
1782,2,container,19,32.0,13.33,2
1783,2,container,19,64.0,13.44,2
1784,2,container,19,128.0,13.46,2
1785,2,container,19,256.0,13.48,2
1786,2,container,19,512.0,13.53,2
1787,2,container,19,1024.0,13.67,2
1788,2,container,19,2048.0,14.05,2
1789,2,container,19,4096.0,14.99,2
1790,2,container,19,8192.0,16.83,2
1791,2,container,19,16384.0,17.48,2
1792,2,container,19,32768.0,18.71,2
1793,2,container,19,65536.0,21.27,2
1794,2,container,19,131072.0,54.27,2
1795,2,container,19,262144.0,64.41,2
1796,2,container,19,524288.0,114.05,2
1797,2,container,19,1048576.0,95.99,2
1798,2,container,19,2097152.0,170.39,2
1799,2,container,19,4194304.0,260.91,2
1800,2,container,10,0.0,12.99,2
1801,2,container,10,1.0,13.04,2
1802,2,container,10,2.0,13.01,2
1803,2,container,10,4.0,13.02,2
1804,2,container,10,8.0,13.32,2
1805,2,container,10,16.0,13.36,2
1806,2,container,10,32.0,13.35,2
1807,2,container,10,64.0,13.49,2
1808,2,container,10,128.0,13.49,2
1809,2,container,10,256.0,13.55,2
1810,2,container,10,512.0,13.56,2
1811,2,container,10,1024.0,13.72,2
1812,2,container,10,2048.0,14.06,2
1813,2,container,10,4096.0,14.97,2
1814,2,container,10,8192.0,16.83,2
1815,2,container,10,16384.0,17.42,2
1816,2,container,10,32768.0,18.64,2
1817,2,container,10,65536.0,21.12,2
1818,2,container,10,131072.0,54.29,2
1819,2,container,10,262144.0,64.43,2
1820,2,container,10,524288.0,113.91,2
1821,2,container,10,1048576.0,95.89,2
1822,2,container,10,2097152.0,170.0,2
1823,2,container,10,4194304.0,267.39,2
1824,2,container,4,0.0,12.98,2
1825,2,container,4,1.0,13.01,2
1826,2,container,4,2.0,13.0,2
1827,2,container,4,4.0,12.99,2
1828,2,container,4,8.0,13.31,2
1829,2,container,4,16.0,13.32,2
1830,2,container,4,32.0,13.33,2
1831,2,container,4,64.0,13.46,2
1832,2,container,4,128.0,13.48,2
1833,2,container,4,256.0,13.5,2
1834,2,container,4,512.0,13.55,2
1835,2,container,4,1024.0,13.69,2
1836,2,container,4,2048.0,14.03,2
1837,2,container,4,4096.0,14.92,2
1838,2,container,4,8192.0,16.82,2
1839,2,container,4,16384.0,17.47,2
1840,2,container,4,32768.0,18.7,2
1841,2,container,4,65536.0,21.3,2
1842,2,container,4,131072.0,54.39,2
1843,2,container,4,262144.0,64.46,2
1844,2,container,4,524288.0,114.02,2
1845,2,container,4,1048576.0,96.0,2
1846,2,container,4,2097152.0,170.44,2
1847,2,container,4,4194304.0,265.15,2
1848,2,container,18,0.0,12.98,2
1849,2,container,18,1.0,13.0,2
1850,2,container,18,2.0,12.99,2
1851,2,container,18,4.0,13.01,2
1852,2,container,18,8.0,13.29,2
1853,2,container,18,16.0,13.32,2
1854,2,container,18,32.0,13.33,2
1855,2,container,18,64.0,13.46,2
1856,2,container,18,128.0,13.48,2
1857,2,container,18,256.0,13.51,2
1858,2,container,18,512.0,13.55,2
1859,2,container,18,1024.0,13.69,2
1860,2,container,18,2048.0,14.03,2
1861,2,container,18,4096.0,14.96,2
1862,2,container,18,8192.0,16.83,2
1863,2,container,18,16384.0,17.49,2
1864,2,container,18,32768.0,18.76,2
1865,2,container,18,65536.0,21.31,2
1866,2,container,18,131072.0,54.19,2
1867,2,container,18,262144.0,64.36,2
1868,2,container,18,524288.0,114.09,2
1869,2,container,18,1048576.0,95.93,2
1870,2,container,18,2097152.0,169.17,2
1871,2,container,18,4194304.0,264.13,2
1872,2,container,16,0.0,13.02,2
1873,2,container,16,1.0,13.04,2
1874,2,container,16,2.0,13.02,2
1875,2,container,16,4.0,13.02,2
1876,2,container,16,8.0,13.34,2
1877,2,container,16,16.0,13.34,2
1878,2,container,16,32.0,13.36,2
1879,2,container,16,64.0,13.49,2
1880,2,container,16,128.0,13.51,2
1881,2,container,16,256.0,13.55,2
1882,2,container,16,512.0,13.65,2
1883,2,container,16,1024.0,13.78,2
1884,2,container,16,2048.0,14.13,2
1885,2,container,16,4096.0,15.02,2
1886,2,container,16,8192.0,16.95,2
1887,2,container,16,16384.0,17.62,2
1888,2,container,16,32768.0,18.84,2
1889,2,container,16,65536.0,21.53,2
1890,2,container,16,131072.0,54.53,2
1891,2,container,16,262144.0,64.56,2
1892,2,container,16,524288.0,114.25,2
1893,2,container,16,1048576.0,95.94,2
1894,2,container,16,2097152.0,170.04,2
1895,2,container,16,4194304.0,267.89,2
1896,2,container,1,0.0,12.98,2
1897,2,container,1,1.0,13.02,2
1898,2,container,1,2.0,13.01,2
1899,2,container,1,4.0,13.0,2
1900,2,container,1,8.0,13.31,2
1901,2,container,1,16.0,13.32,2
1902,2,container,1,32.0,13.35,2
1903,2,container,1,64.0,13.48,2
1904,2,container,1,128.0,13.49,2
1905,2,container,1,256.0,13.51,2
1906,2,container,1,512.0,13.57,2
1907,2,container,1,1024.0,13.7,2
1908,2,container,1,2048.0,14.05,2
1909,2,container,1,4096.0,14.95,2
1910,2,container,1,8192.0,16.84,2
1911,2,container,1,16384.0,17.49,2
1912,2,container,1,32768.0,18.7,2
1913,2,container,1,65536.0,21.17,2
1914,2,container,1,131072.0,54.28,2
1915,2,container,1,262144.0,64.49,2
1916,2,container,1,524288.0,113.78,2
1917,2,container,1,1048576.0,96.08,2
1918,2,container,1,2097152.0,169.95,2
1919,2,container,1,4194304.0,264.03,2
1920,2,usernetes,2,0.0,12.75,2
1921,2,usernetes,2,1.0,12.78,2
1922,2,usernetes,2,2.0,12.77,2
1923,2,usernetes,2,4.0,12.76,2
1924,2,usernetes,2,8.0,13.07,2
1925,2,usernetes,2,16.0,13.09,2
1926,2,usernetes,2,32.0,13.1,2
1927,2,usernetes,2,64.0,13.24,2
1928,2,usernetes,2,128.0,13.26,2
1929,2,usernetes,2,256.0,13.26,2
1930,2,usernetes,2,512.0,13.34,2
1931,2,usernetes,2,1024.0,13.47,2
1932,2,usernetes,2,2048.0,13.81,2
1933,2,usernetes,2,4096.0,14.7,2
1934,2,usernetes,2,8192.0,16.63,2
1935,2,usernetes,2,16384.0,17.27,2
1936,2,usernetes,2,32768.0,18.51,2
1937,2,usernetes,2,65536.0,21.08,2
1938,2,usernetes,2,131072.0,53.75,2
1939,2,usernetes,2,262144.0,63.72,2
1940,2,usernetes,2,524288.0,112.8,2
1941,2,usernetes,2,1048576.0,95.42,2
1942,2,usernetes,2,2097152.0,163.37,2
1943,2,usernetes,2,4194304.0,266.86,2
1944,2,usernetes,16,0.0,12.58,2
1945,2,usernetes,16,1.0,12.6,2
1946,2,usernetes,16,2.0,12.58,2
1947,2,usernetes,16,4.0,12.59,2
1948,2,usernetes,16,8.0,12.9,2
1949,2,usernetes,16,16.0,12.91,2
1950,2,usernetes,16,32.0,12.93,2
1951,2,usernetes,16,64.0,13.06,2
1952,2,usernetes,16,128.0,13.07,2
1953,2,usernetes,16,256.0,13.1,2
1954,2,usernetes,16,512.0,13.15,2
1955,2,usernetes,16,1024.0,13.3,2
1956,2,usernetes,16,2048.0,13.62,2
1957,2,usernetes,16,4096.0,14.55,2
1958,2,usernetes,16,8192.0,16.41,2
1959,2,usernetes,16,16384.0,17.04,2
1960,2,usernetes,16,32768.0,18.27,2
1961,2,usernetes,16,65536.0,20.8,2
1962,2,usernetes,16,131072.0,53.25,2
1963,2,usernetes,16,262144.0,63.35,2
1964,2,usernetes,16,524288.0,112.19,2
1965,2,usernetes,16,1048576.0,94.77,2
1966,2,usernetes,16,2097152.0,168.35,2
1967,2,usernetes,16,4194304.0,265.98,2
1968,2,usernetes,14,0.0,12.83,2
1969,2,usernetes,14,1.0,12.84,2
1970,2,usernetes,14,2.0,12.82,2
1971,2,usernetes,14,4.0,12.82,2
1972,2,usernetes,14,8.0,13.14,2
1973,2,usernetes,14,16.0,13.15,2
1974,2,usernetes,14,32.0,13.17,2
1975,2,usernetes,14,64.0,13.3,2
1976,2,usernetes,14,128.0,13.32,2
1977,2,usernetes,14,256.0,13.34,2
1978,2,usernetes,14,512.0,13.39,2
1979,2,usernetes,14,1024.0,13.53,2
1980,2,usernetes,14,2048.0,13.87,2
1981,2,usernetes,14,4096.0,14.79,2
1982,2,usernetes,14,8192.0,16.67,2
1983,2,usernetes,14,16384.0,17.35,2
1984,2,usernetes,14,32768.0,18.54,2
1985,2,usernetes,14,65536.0,21.12,2
1986,2,usernetes,14,131072.0,53.93,2
1987,2,usernetes,14,262144.0,64.02,2
1988,2,usernetes,14,524288.0,113.32,2
1989,2,usernetes,14,1048576.0,95.64,2
1990,2,usernetes,14,2097152.0,170.47,2
1991,2,usernetes,14,4194304.0,262.95,2
1992,2,usernetes,3,0.0,12.8,2
1993,2,usernetes,3,1.0,12.83,2
1994,2,usernetes,3,2.0,12.82,2
1995,2,usernetes,3,4.0,12.83,2
1996,2,usernetes,3,8.0,13.14,2
1997,2,usernetes,3,16.0,13.16,2
1998,2,usernetes,3,32.0,13.15,2
1999,2,usernetes,3,64.0,13.3,2
2000,2,usernetes,3,128.0,13.31,2
2001,2,usernetes,3,256.0,13.32,2
2002,2,usernetes,3,512.0,13.4,2
2003,2,usernetes,3,1024.0,13.54,2
2004,2,usernetes,3,2048.0,13.87,2
2005,2,usernetes,3,4096.0,14.8,2
2006,2,usernetes,3,8192.0,16.67,2
2007,2,usernetes,3,16384.0,17.34,2
2008,2,usernetes,3,32768.0,18.59,2
2009,2,usernetes,3,65536.0,21.09,2
2010,2,usernetes,3,131072.0,53.97,2
2011,2,usernetes,3,262144.0,63.93,2
2012,2,usernetes,3,524288.0,113.43,2
2013,2,usernetes,3,1048576.0,95.69,2
2014,2,usernetes,3,2097152.0,170.74,2
2015,2,usernetes,3,4194304.0,265.93,2
2016,2,usernetes,4,0.0,12.65,2
2017,2,usernetes,4,1.0,12.67,2
2018,2,usernetes,4,2.0,12.67,2
2019,2,usernetes,4,4.0,12.67,2
2020,2,usernetes,4,8.0,12.97,2
2021,2,usernetes,4,16.0,12.99,2
2022,2,usernetes,4,32.0,13.0,2
2023,2,usernetes,4,64.0,13.13,2
2024,2,usernetes,4,128.0,13.13,2
2025,2,usernetes,4,256.0,13.15,2
2026,2,usernetes,4,512.0,13.22,2
2027,2,usernetes,4,1024.0,13.35,2
2028,2,usernetes,4,2048.0,13.69,2
2029,2,usernetes,4,4096.0,14.6,2
2030,2,usernetes,4,8192.0,16.44,2
2031,2,usernetes,4,16384.0,17.14,2
2032,2,usernetes,4,32768.0,18.35,2
2033,2,usernetes,4,65536.0,20.87,2
2034,2,usernetes,4,131072.0,53.58,2
2035,2,usernetes,4,262144.0,63.45,2
2036,2,usernetes,4,524288.0,112.48,2
2037,2,usernetes,4,1048576.0,95.25,2
2038,2,usernetes,4,2097152.0,170.59,2
2039,2,usernetes,4,4194304.0,266.16,2
2040,2,usernetes,20,0.0,12.56,2
2041,2,usernetes,20,1.0,12.58,2
2042,2,usernetes,20,2.0,12.58,2
2043,2,usernetes,20,4.0,12.59,2
2044,2,usernetes,20,8.0,12.9,2
2045,2,usernetes,20,16.0,12.91,2
2046,2,usernetes,20,32.0,12.93,2
2047,2,usernetes,20,64.0,13.06,2
2048,2,usernetes,20,128.0,13.06,2
2049,2,usernetes,20,256.0,13.08,2
2050,2,usernetes,20,512.0,13.16,2
2051,2,usernetes,20,1024.0,13.28,2
2052,2,usernetes,20,2048.0,13.61,2
2053,2,usernetes,20,4096.0,14.53,2
2054,2,usernetes,20,8192.0,16.41,2
2055,2,usernetes,20,16384.0,17.05,2
2056,2,usernetes,20,32768.0,18.26,2
2057,2,usernetes,20,65536.0,20.78,2
2058,2,usernetes,20,131072.0,53.08,2
2059,2,usernetes,20,262144.0,63.12,2
2060,2,usernetes,20,524288.0,111.97,2
2061,2,usernetes,20,1048576.0,94.98,2
2062,2,usernetes,20,2097152.0,170.65,2
2063,2,usernetes,20,4194304.0,266.45,2
2064,2,usernetes,8,0.0,12.8,2
2065,2,usernetes,8,1.0,12.83,2
2066,2,usernetes,8,2.0,12.82,2
2067,2,usernetes,8,4.0,12.82,2
2068,2,usernetes,8,8.0,13.14,2
2069,2,usernetes,8,16.0,13.14,2
2070,2,usernetes,8,32.0,13.17,2
2071,2,usernetes,8,64.0,13.29,2
2072,2,usernetes,8,128.0,13.31,2
2073,2,usernetes,8,256.0,13.33,2
2074,2,usernetes,8,512.0,13.39,2
2075,2,usernetes,8,1024.0,13.53,2
2076,2,usernetes,8,2048.0,13.87,2
2077,2,usernetes,8,4096.0,14.77,2
2078,2,usernetes,8,8192.0,16.63,2
2079,2,usernetes,8,16384.0,17.32,2
2080,2,usernetes,8,32768.0,18.6,2
2081,2,usernetes,8,65536.0,21.12,2
2082,2,usernetes,8,131072.0,54.03,2
2083,2,usernetes,8,262144.0,64.25,2
2084,2,usernetes,8,524288.0,113.76,2
2085,2,usernetes,8,1048576.0,95.54,2
2086,2,usernetes,8,2097152.0,170.79,2
2087,2,usernetes,8,4194304.0,265.94,2
2088,2,usernetes,17,0.0,12.56,2
2089,2,usernetes,17,1.0,12.59,2
2090,2,usernetes,17,2.0,12.57,2
2091,2,usernetes,17,4.0,12.57,2
2092,2,usernetes,17,8.0,12.89,2
2093,2,usernetes,17,16.0,12.9,2
2094,2,usernetes,17,32.0,12.91,2
2095,2,usernetes,17,64.0,13.05,2
2096,2,usernetes,17,128.0,13.06,2
2097,2,usernetes,17,256.0,13.09,2
2098,2,usernetes,17,512.0,13.14,2
2099,2,usernetes,17,1024.0,13.28,2
2100,2,usernetes,17,2048.0,13.6,2
2101,2,usernetes,17,4096.0,14.51,2
2102,2,usernetes,17,8192.0,16.37,2
2103,2,usernetes,17,16384.0,17.08,2
2104,2,usernetes,17,32768.0,18.32,2
2105,2,usernetes,17,65536.0,20.78,2
2106,2,usernetes,17,131072.0,53.13,2
2107,2,usernetes,17,262144.0,63.32,2
2108,2,usernetes,17,524288.0,112.2,2
2109,2,usernetes,17,1048576.0,94.9,2
2110,2,usernetes,17,2097152.0,168.74,2
2111,2,usernetes,17,4194304.0,264.08,2
2112,2,usernetes,7,0.0,12.92,2
2113,2,usernetes,7,1.0,12.95,2
2114,2,usernetes,7,2.0,12.93,2
2115,2,usernetes,7,4.0,12.92,2
2116,2,usernetes,7,8.0,13.23,2
2117,2,usernetes,7,16.0,13.25,2
2118,2,usernetes,7,32.0,13.26,2
2119,2,usernetes,7,64.0,13.37,2
2120,2,usernetes,7,128.0,13.39,2
2121,2,usernetes,7,256.0,13.42,2
2122,2,usernetes,7,512.0,13.47,2
2123,2,usernetes,7,1024.0,13.62,2
2124,2,usernetes,7,2048.0,13.99,2
2125,2,usernetes,7,4096.0,14.94,2
2126,2,usernetes,7,8192.0,16.75,2
2127,2,usernetes,7,16384.0,17.49,2
2128,2,usernetes,7,32768.0,18.71,2
2129,2,usernetes,7,65536.0,21.27,2
2130,2,usernetes,7,131072.0,54.28,2
2131,2,usernetes,7,262144.0,64.2,2
2132,2,usernetes,7,524288.0,113.91,2
2133,2,usernetes,7,1048576.0,95.84,2
2134,2,usernetes,7,2097152.0,169.6,2
2135,2,usernetes,7,4194304.0,265.19,2
2136,2,usernetes,11,0.0,12.66,2
2137,2,usernetes,11,1.0,12.69,2
2138,2,usernetes,11,2.0,12.67,2
2139,2,usernetes,11,4.0,12.66,2
2140,2,usernetes,11,8.0,12.99,2
2141,2,usernetes,11,16.0,13.0,2
2142,2,usernetes,11,32.0,13.02,2
2143,2,usernetes,11,64.0,13.14,2
2144,2,usernetes,11,128.0,13.16,2
2145,2,usernetes,11,256.0,13.19,2
2146,2,usernetes,11,512.0,13.24,2
2147,2,usernetes,11,1024.0,13.37,2
2148,2,usernetes,11,2048.0,13.7,2
2149,2,usernetes,11,4096.0,14.62,2
2150,2,usernetes,11,8192.0,16.51,2
2151,2,usernetes,11,16384.0,17.16,2
2152,2,usernetes,11,32768.0,18.38,2
2153,2,usernetes,11,65536.0,20.97,2
2154,2,usernetes,11,131072.0,53.33,2
2155,2,usernetes,11,262144.0,63.51,2
2156,2,usernetes,11,524288.0,112.5,2
2157,2,usernetes,11,1048576.0,95.04,2
2158,2,usernetes,11,2097152.0,167.14,2
2159,2,usernetes,11,4194304.0,264.34,2
2160,2,usernetes,15,0.0,13.63,2
2161,2,usernetes,15,1.0,13.66,2
2162,2,usernetes,15,2.0,13.64,2
2163,2,usernetes,15,4.0,13.64,2
2164,2,usernetes,15,8.0,13.95,2
2165,2,usernetes,15,16.0,13.96,2
2166,2,usernetes,15,32.0,13.97,2
2167,2,usernetes,15,64.0,14.12,2
2168,2,usernetes,15,128.0,14.14,2
2169,2,usernetes,15,256.0,14.15,2
2170,2,usernetes,15,512.0,14.22,2
2171,2,usernetes,15,1024.0,14.4,2
2172,2,usernetes,15,2048.0,14.81,2
2173,2,usernetes,15,4096.0,15.79,2
2174,2,usernetes,15,8192.0,17.81,2
2175,2,usernetes,15,16384.0,18.43,2
2176,2,usernetes,15,32768.0,19.72,2
2177,2,usernetes,15,65536.0,22.29,2
2178,2,usernetes,15,131072.0,57.04,2
2179,2,usernetes,15,262144.0,67.03,2
2180,2,usernetes,15,524288.0,118.34,2
2181,2,usernetes,15,1048576.0,98.25,2
2182,2,usernetes,15,2097152.0,169.49,2
2183,2,usernetes,15,4194304.0,268.64,2
2184,2,usernetes,1,0.0,13.63,2
2185,2,usernetes,1,1.0,13.67,2
2186,2,usernetes,1,2.0,13.65,2
2187,2,usernetes,1,4.0,13.65,2
2188,2,usernetes,1,8.0,13.95,2
2189,2,usernetes,1,16.0,13.96,2
2190,2,usernetes,1,32.0,13.97,2
2191,2,usernetes,1,64.0,14.13,2
2192,2,usernetes,1,128.0,14.14,2
2193,2,usernetes,1,256.0,14.17,2
2194,2,usernetes,1,512.0,14.23,2
2195,2,usernetes,1,1024.0,14.41,2
2196,2,usernetes,1,2048.0,14.81,2
2197,2,usernetes,1,4096.0,15.77,2
2198,2,usernetes,1,8192.0,17.81,2
2199,2,usernetes,1,16384.0,18.49,2
2200,2,usernetes,1,32768.0,19.74,2
2201,2,usernetes,1,65536.0,22.33,2
2202,2,usernetes,1,131072.0,57.12,2
2203,2,usernetes,1,262144.0,66.98,2
2204,2,usernetes,1,524288.0,118.45,2
2205,2,usernetes,1,1048576.0,98.27,2
2206,2,usernetes,1,2097152.0,164.2,2
2207,2,usernetes,1,4194304.0,268.98,2
2208,2,usernetes,5,0.0,9.83,2
2209,2,usernetes,5,1.0,9.85,2
2210,2,usernetes,5,2.0,9.84,2
2211,2,usernetes,5,4.0,9.83,2
2212,2,usernetes,5,8.0,10.15,2
2213,2,usernetes,5,16.0,10.18,2
2214,2,usernetes,5,32.0,10.16,2
2215,2,usernetes,5,64.0,10.29,2
2216,2,usernetes,5,128.0,10.31,2
2217,2,usernetes,5,256.0,10.33,2
2218,2,usernetes,5,512.0,10.38,2
2219,2,usernetes,5,1024.0,10.49,2
2220,2,usernetes,5,2048.0,10.78,2
2221,2,usernetes,5,4096.0,11.34,2
2222,2,usernetes,5,8192.0,12.55,2
2223,2,usernetes,5,16384.0,13.17,2
2224,2,usernetes,5,32768.0,14.44,2
2225,2,usernetes,5,65536.0,17.05,2
2226,2,usernetes,5,131072.0,42.64,2
2227,2,usernetes,5,262144.0,52.69,2
2228,2,usernetes,5,524288.0,94.85,2
2229,2,usernetes,5,1048576.0,85.61,2
2230,2,usernetes,5,2097152.0,158.55,2
2231,2,usernetes,5,4194304.0,248.26,2
2232,2,usernetes,9,0.0,13.49,2
2233,2,usernetes,9,1.0,13.52,2
2234,2,usernetes,9,2.0,13.48,2
2235,2,usernetes,9,4.0,13.49,2
2236,2,usernetes,9,8.0,13.8,2
2237,2,usernetes,9,16.0,13.82,2
2238,2,usernetes,9,32.0,13.83,2
2239,2,usernetes,9,64.0,13.98,2
2240,2,usernetes,9,128.0,14.0,2
2241,2,usernetes,9,256.0,14.01,2
2242,2,usernetes,9,512.0,14.09,2
2243,2,usernetes,9,1024.0,14.27,2
2244,2,usernetes,9,2048.0,14.66,2
2245,2,usernetes,9,4096.0,15.6,2
2246,2,usernetes,9,8192.0,17.64,2
2247,2,usernetes,9,16384.0,18.31,2
2248,2,usernetes,9,32768.0,19.57,2
2249,2,usernetes,9,65536.0,22.14,2
2250,2,usernetes,9,131072.0,56.58,2
2251,2,usernetes,9,262144.0,66.51,2
2252,2,usernetes,9,524288.0,117.45,2
2253,2,usernetes,9,1048576.0,98.05,2
2254,2,usernetes,9,2097152.0,167.78,2
2255,2,usernetes,9,4194304.0,269.36,2
2256,2,usernetes,18,0.0,12.7,2
2257,2,usernetes,18,1.0,12.72,2
2258,2,usernetes,18,2.0,12.71,2
2259,2,usernetes,18,4.0,12.7,2
2260,2,usernetes,18,8.0,13.01,2
2261,2,usernetes,18,16.0,13.03,2
2262,2,usernetes,18,32.0,13.04,2
2263,2,usernetes,18,64.0,13.18,2
2264,2,usernetes,18,128.0,13.19,2
2265,2,usernetes,18,256.0,13.21,2
2266,2,usernetes,18,512.0,13.26,2
2267,2,usernetes,18,1024.0,13.41,2
2268,2,usernetes,18,2048.0,13.75,2
2269,2,usernetes,18,4096.0,14.66,2
2270,2,usernetes,18,8192.0,16.55,2
2271,2,usernetes,18,16384.0,17.19,2
2272,2,usernetes,18,32768.0,18.39,2
2273,2,usernetes,18,65536.0,21.03,2
2274,2,usernetes,18,131072.0,53.56,2
2275,2,usernetes,18,262144.0,63.57,2
2276,2,usernetes,18,524288.0,112.76,2
2277,2,usernetes,18,1048576.0,95.22,2
2278,2,usernetes,18,2097152.0,171.19,2
2279,2,usernetes,18,4194304.0,266.2,2
2280,2,usernetes,13,0.0,13.37,2
2281,2,usernetes,13,1.0,13.4,2
2282,2,usernetes,13,2.0,13.39,2
2283,2,usernetes,13,4.0,13.38,2
2284,2,usernetes,13,8.0,13.69,2
2285,2,usernetes,13,16.0,13.69,2
2286,2,usernetes,13,32.0,13.7,2
2287,2,usernetes,13,64.0,13.87,2
2288,2,usernetes,13,128.0,13.87,2
2289,2,usernetes,13,256.0,13.89,2
2290,2,usernetes,13,512.0,13.96,2
2291,2,usernetes,13,1024.0,14.15,2
2292,2,usernetes,13,2048.0,14.55,2
2293,2,usernetes,13,4096.0,15.51,2
2294,2,usernetes,13,8192.0,17.51,2
2295,2,usernetes,13,16384.0,18.21,2
2296,2,usernetes,13,32768.0,19.39,2
2297,2,usernetes,13,65536.0,21.91,2
2298,2,usernetes,13,131072.0,56.31,2
2299,2,usernetes,13,262144.0,66.26,2
2300,2,usernetes,13,524288.0,117.16,2
2301,2,usernetes,13,1048576.0,97.49,2
2302,2,usernetes,13,2097152.0,168.27,2
2303,2,usernetes,13,4194304.0,269.16,2
2304,2,usernetes,19,0.0,12.94,2
2305,2,usernetes,19,1.0,12.98,2
2306,2,usernetes,19,2.0,12.95,2
2307,2,usernetes,19,4.0,12.95,2
2308,2,usernetes,19,8.0,13.26,2
2309,2,usernetes,19,16.0,13.27,2
2310,2,usernetes,19,32.0,13.28,2
2311,2,usernetes,19,64.0,13.41,2
2312,2,usernetes,19,128.0,13.43,2
2313,2,usernetes,19,256.0,13.45,2
2314,2,usernetes,19,512.0,13.52,2
2315,2,usernetes,19,1024.0,13.65,2
2316,2,usernetes,19,2048.0,13.99,2
2317,2,usernetes,19,4096.0,14.89,2
2318,2,usernetes,19,8192.0,16.75,2
2319,2,usernetes,19,16384.0,17.43,2
2320,2,usernetes,19,32768.0,18.65,2
2321,2,usernetes,19,65536.0,21.2,2
2322,2,usernetes,19,131072.0,54.34,2
2323,2,usernetes,19,262144.0,64.48,2
2324,2,usernetes,19,524288.0,113.82,2
2325,2,usernetes,19,1048576.0,96.03,2
2326,2,usernetes,19,2097152.0,162.54,2
2327,2,usernetes,19,4194304.0,265.82,2
2328,2,usernetes,6,0.0,9.9,2
2329,2,usernetes,6,1.0,9.93,2
2330,2,usernetes,6,2.0,9.94,2
2331,2,usernetes,6,4.0,9.91,2
2332,2,usernetes,6,8.0,10.24,2
2333,2,usernetes,6,16.0,10.24,2
2334,2,usernetes,6,32.0,10.24,2
2335,2,usernetes,6,64.0,10.36,2
2336,2,usernetes,6,128.0,10.4,2
2337,2,usernetes,6,256.0,10.41,2
2338,2,usernetes,6,512.0,10.46,2
2339,2,usernetes,6,1024.0,10.58,2
2340,2,usernetes,6,2048.0,10.86,2
2341,2,usernetes,6,4096.0,11.44,2
2342,2,usernetes,6,8192.0,12.62,2
2343,2,usernetes,6,16384.0,13.25,2
2344,2,usernetes,6,32768.0,14.47,2
2345,2,usernetes,6,65536.0,17.16,2
2346,2,usernetes,6,131072.0,42.8,2
2347,2,usernetes,6,262144.0,52.91,2
2348,2,usernetes,6,524288.0,95.38,2
2349,2,usernetes,6,1048576.0,85.69,2
2350,2,usernetes,6,2097152.0,158.41,2
2351,2,usernetes,6,4194304.0,252.93,2
2352,2,usernetes,10,0.0,10.21,2
2353,2,usernetes,10,1.0,10.23,2
2354,2,usernetes,10,2.0,10.21,2
2355,2,usernetes,10,4.0,10.2,2
2356,2,usernetes,10,8.0,10.52,2
2357,2,usernetes,10,16.0,10.53,2
2358,2,usernetes,10,32.0,10.54,2
2359,2,usernetes,10,64.0,10.66,2
2360,2,usernetes,10,128.0,10.68,2
2361,2,usernetes,10,256.0,10.69,2
2362,2,usernetes,10,512.0,10.75,2
2363,2,usernetes,10,1024.0,10.87,2
2364,2,usernetes,10,2048.0,11.14,2
2365,2,usernetes,10,4096.0,11.72,2
2366,2,usernetes,10,8192.0,12.92,2
2367,2,usernetes,10,16384.0,13.56,2
2368,2,usernetes,10,32768.0,14.84,2
2369,2,usernetes,10,65536.0,17.45,2
2370,2,usernetes,10,131072.0,43.7,2
2371,2,usernetes,10,262144.0,53.7,2
2372,2,usernetes,10,524288.0,96.61,2
2373,2,usernetes,10,1048576.0,86.57,2
2374,2,usernetes,10,2097152.0,165.38,2
2375,2,usernetes,10,4194304.0,253.63,2
2376,2,usernetes,12,0.0,12.55,2
2377,2,usernetes,12,1.0,12.59,2
2378,2,usernetes,12,2.0,12.58,2
2379,2,usernetes,12,4.0,12.58,2
2380,2,usernetes,12,8.0,12.91,2
2381,2,usernetes,12,16.0,12.91,2
2382,2,usernetes,12,32.0,12.93,2
2383,2,usernetes,12,64.0,13.07,2
2384,2,usernetes,12,128.0,13.08,2
2385,2,usernetes,12,256.0,13.11,2
2386,2,usernetes,12,512.0,13.16,2
2387,2,usernetes,12,1024.0,13.29,2
2388,2,usernetes,12,2048.0,13.63,2
2389,2,usernetes,12,4096.0,14.54,2
2390,2,usernetes,12,8192.0,16.41,2
2391,2,usernetes,12,16384.0,17.05,2
2392,2,usernetes,12,32768.0,18.29,2
2393,2,usernetes,12,65536.0,20.74,2
2394,2,usernetes,12,131072.0,53.21,2
2395,2,usernetes,12,262144.0,63.26,2
2396,2,usernetes,12,524288.0,112.04,2
2397,2,usernetes,12,1048576.0,94.76,2
2398,2,usernetes,12,2097152.0,170.44,2
2399,2,usernetes,12,4194304.0,264.81,2
